id,first_name,last_name,Car_type,Date,Cat_batch_size,Unit_cost,Destination,Deal_Closed,Customer
1,Burnaby,Ledwitch,Toyota,15/11/2018,39,20869,France,true,Deckow and Sons
2,Gracia,Kenworthey,Hyundai,29/12/2021,36,23094,France,false,"Haag, Crona and Lemke"
3,Holmes,Castelow,Mitsubishi,29/03/2020,49,15476,Spain,false,Marvin-Hilpert
4,Kristoffer,Cowden,Plymouth,14/03/2020,46,18711,France,false,Jacobi LLC
5,Kaila,Christophers,BMW,11/07/2022,38,7119,France,false,"Reilly, Green and Turner"
6,Shaughn,Gillivrie,Lincoln,28/06/2020,45,16885,France,false,Pagac-Waters
7,Rusty,Woodfine,Chevrolet,27/12/2018,48,19782,France,false,Ledner-Predovic
8,Joycelin,McAlister,Saab,06/04/2021,35,28889,France,false,Crona LLC
9,Rutger,Jasik,Lincoln,14/02/2020,36,16483,United Kingdom,false,Wintheiser-Schuster
10,Abigael,Palluschek,Lincoln,22/12/2019,40,17874,France,true,"Mills, Stamm and Zieme"
11,Butch,Revely,BMW,14/02/2019,54,18491,Germany,false,"Rowe, Konopelski and Renner"
12,Ranna,Dossantos,Pontiac,25/02/2020,42,21995,France,false,Wilkinson-Lebsack
13,Geno,Reven,GMC,17/03/2022,45,14692,France,false,"Weissnat, Ledner and Raynor"
14,Cacilie,Hacard,Isuzu,11/02/2020,36,17321,France,true,"Cruickshank, Swaniawski and Cummings"
15,Loni,Camplejohn,Dodge,30/08/2021,43,20230,France,true,"Koss, Stroman and Paucek"
16,Renata,Alyoshin,Chevrolet,03/06/2022,59,22928,France,true,"Braun, Thiel and Harvey"
17,Sabine,Sherrott,Ram,07/08/2019,41,13231,Germany,true,Daugherty-Nader
18,Radcliffe,Hukin,Chevrolet,30/05/2020,34,12190,France,true,Armstrong Inc
19,Broddie,DelaField,Ford,05/10/2021,37,19735,France,false,Considine-Brekke
20,Clint,Amery,Ford,29/12/2019,39,21582,Spain,true,Franecki LLC
21,Delores,Seamans,Hyundai,02/03/2020,40,24509,France,false,Runte Group
22,Mimi,Burchess,Volkswagen,18/06/2019,47,23295,France,false,Cronin-Stracke
23,Elyse,Jado,Dodge,01/12/2020,34,20651,France,false,"Pacocha, Bartell and Krajcik"
24,Ignaz,Tuminini,GMC,18/12/2018,33,27213,France,false,"Mayert, Luettgen and Kuhn"
25,Raphaela,Butting,Plymouth,05/04/2019,46,23087,Germany,true,Cummings and Sons
26,Evelyn,Welden,Toyota,03/05/2019,34,21372,United Kingdom,true,"Kessler, Hickle and Von"
27,Budd,Langforth,Ford,21/08/2019,38,26755,France,true,Kunde-Herman
28,Meggy,Dreye,Volvo,18/07/2022,49,20006,France,true,"Ullrich, Goyette and Flatley"
29,Bernadine,Axup,Jeep,30/06/2020,37,20893,Spain,false,"Bode, McCullough and Lynch"
30,Hanni,Rounding,Dodge,12/06/2022,38,23959,United Kingdom,true,Rath-Ryan
31,Wilmar,Lapwood,Subaru,21/11/2021,44,22691,Germany,false,"Fritsch, Frami and Wuckert"
32,Sheeree,Soule,Ford,08/06/2019,49,20778,France,true,McLaughlin Inc
33,Veradis,Coggles,Acura,27/05/2020,35,28888,Spain,true,Gaylord-Baumbach
34,Nicoline,Aughton,BMW,05/04/2021,43,19519,Germany,true,Heller Inc
35,Fay,Randals,Audi,17/09/2019,44,18874,France,false,Morissette LLC
36,Leonidas,Challener,Buick,22/02/2019,44,20504,Germany,true,Bashirian Inc
37,Karney,Griffithe,Saturn,26/06/2022,37,22036,Germany,true,Donnelly Group
38,Jameson,Rouch,Chevrolet,09/04/2020,39,17100,France,true,Larson Inc
39,Clemence,Crankhorn,Mitsubishi,10/04/2022,40,10586,France,true,Schneider-Hickle
40,Adi,Doumerque,Chrysler,12/08/2018,42,28155,Spain,true,Veum and Sons
41,Waverly,Varren,Scion,14/10/2018,41,17690,France,false,"Gusikowski, Rippin and Koepp"
42,Herta,Axtonne,Subaru,15/02/2020,41,17539,France,false,Hamill Inc
43,Arvy,Whitwam,Saab,18/03/2020,29,20925,France,false,Bashirian Inc
44,Charo,McDyer,Aston Martin,23/08/2020,37,17869,Germany,false,"Goldner, Jast and Luettgen"
45,Cammi,Petel,Audi,15/06/2019,36,23999,France,true,"Rempel, Ziemann and Kris"
46,Mathilde,Schwier,Buick,29/01/2022,39,14390,Germany,true,Keeling LLC
47,,Camillo,Volkswagen,05/02/2022,40,29981,France,false,Kertzmann Inc
48,Matthus,de Marco,Subaru,04/06/2021,41,18983,France,false,"Prosacco, Terry and Borer"
49,,Arnfield,Pontiac,01/06/2019,48,12847,France,true,Bauch LLC
50,Dredi,Smorfit,Lexus,07/08/2020,44,26977,Germany,false,Okuneva-Bruen
51,Lula,Deeman,Mitsubishi,09/03/2022,38,17927,France,true,"Kohler, Waters and O'Keefe"
52,Shaun,Syvret,Buick,13/01/2022,38,18486,France,true,"Lind, Funk and Hermann"
53,Matias,Canwell,Ford,04/04/2022,47,9282,Spain,true,VonRueden LLC
54,Lazaro,Hacquard,Toyota,03/07/2021,41,16580,France,true,Kassulke-Harber
55,Neysa,Bonds,Hummer,10/07/2020,36,21627,France,false,"Gorczany, Corkery and Zboncak"
56,Rickard,Harrild,Mitsubishi,27/03/2020,33,20138,France,false,Considine and Sons
57,Weidar,Thickins,BMW,15/04/2021,35,9506,France,true,Lesch-Armstrong
58,Gabriele,Rego,Pontiac,01/07/2019,31,20090,France,false,Durgan-Rippin
59,Casandra,Brierton,Pontiac,12/11/2020,37,9577,France,true,Mills LLC
60,,Franzini,Dodge,15/03/2020,63,20680,France,false,DuBuque-Greenholt
61,Melly,Bloschke,Subaru,27/10/2019,35,21192,Germany,false,Miller-Feest
62,Tallie,Heinish,Lamborghini,12/06/2022,40,19702,France,true,Langworth-Walsh
63,Monika,Hunt,Ford,21/06/2022,42,15063,France,false,Wunsch-Hilll
64,Lance,Stalf,Toyota,14/08/2018,38,17516,France,false,Lubowitz Group
65,Beatrix,Derl,Audi,26/07/2019,40,25365,Spain,true,"Hirthe, Gleichner and Schmeler"
66,Haroun,Arnke,Mercedes-Benz,02/07/2022,51,22133,France,false,Lubowitz Group
67,Cordi,Speake,Dodge,28/11/2018,36,18819,France,true,"Turner, Doyle and Stracke"
68,Tessie,Penhaleurack,Buick,29/05/2021,43,24651,France,true,Runte-King
69,Basia,Petrishchev,Chevrolet,27/02/2021,45,11907,France,true,"Jerde, Purdy and Tillman"
70,Cedric,Bartoshevich,Ford,09/06/2022,29,19734,France,true,McClure Group
71,Nolan,Curry,Chevrolet,25/12/2020,44,14945,Germany,false,Upton-Hintz
72,Loralyn,Brass,Cadillac,21/06/2019,32,9838,France,true,King Inc
73,Vin,Daingerfield,Hyundai,22/04/2022,49,23648,France,false,Gislason and Sons
74,Jessika,Hellis,Mercedes-Benz,27/12/2020,43,22409,Germany,true,Herzog-Anderson
75,Olga,Ransbury,Hyundai,04/10/2020,48,28196,France,false,"Klocko, Crona and Wintheiser"
76,Ikey,Parkins,Ford,17/02/2022,31,14301,France,true,Stokes Group
77,Jenn,De'Vere - Hunt,Jaguar,12/05/2022,49,17133,United Kingdom,true,"Pouros, Botsford and Kassulke"
78,Melisa,Saggers,Toyota,26/10/2021,35,22955,France,true,"Stark, Rogahn and Pfannerstill"
79,,Swansborough,BMW,16/12/2019,47,12863,France,true,Dooley and Sons
80,Twyla,Parton,Mazda,11/07/2022,41,13757,France,true,Fisher Inc
81,Munmro,Peyzer,Infiniti,15/09/2018,41,13921,France,true,Crist-Volkman
82,Pierrette,Barbara,Mitsubishi,11/01/2022,43,5529,France,true,"Heathcote, Gottlieb and Ferry"
83,Morganne,Leehane,GMC,26/07/2019,51,24343,France,false,Feest-Towne
84,,Senussi,Porsche,07/07/2020,39,18028,France,false,"Cremin, Hayes and Feeney"
85,Ketti,Canter,Ford,16/06/2019,42,23101,United Kingdom,false,"Torphy, Reynolds and McDermott"
86,Fanchon,MacSweeney,Dodge,23/07/2018,46,19147,France,false,Treutel Group
87,Korry,Triplet,Mitsubishi,19/04/2022,35,22216,France,false,Collins LLC
88,Pegeen,Mebs,Dodge,05/07/2019,48,19085,France,true,Hoppe-Bogisich
89,Valeda,Fassman,Volkswagen,30/01/2022,44,24590,France,true,"Cummerata, Kovacek and Satterfield"
90,Layne,Casbolt,Saab,24/06/2020,34,24187,France,false,Roberts-Torp
91,Winny,Kleewein,Volkswagen,13/01/2020,37,17970,France,false,Gottlieb Inc
92,Spenser,MacClenan,Honda,16/11/2019,54,17241,France,false,"Grant, Wintheiser and Haley"
93,Ryon,Feeny,Ford,09/05/2019,40,18902,France,false,Gottlieb-Little
94,Maxim,Gobeau,BMW,05/01/2020,42,27007,France,true,Stamm Group
95,Andie,Crosser,Toyota,13/01/2022,36,12133,France,false,Robel Group
96,Tani,Hinckesman,Toyota,26/12/2020,39,23289,France,true,Lind-Schaefer
97,Richie,Fansy,Toyota,01/12/2020,40,16603,United Kingdom,false,Torphy Group
98,Carver,Bridgett,Isuzu,14/02/2020,34,31563,France,false,Sawayn-Lindgren
99,Karney,Prynne,Lincoln,22/10/2021,36,22468,France,true,Mueller-Fay
100,Allie,Hanne,Nissan,01/11/2021,37,19241,France,true,Welch-Murazik
101,Penny,Maine,Cadillac,24/08/2018,31,25468,Spain,false,"Cronin, Mueller and Cremin"
102,Brena,Jiroudek,Toyota,12/08/2019,45,17268,France,false,"Hilpert, Ritchie and Pacocha"
103,Hillel,Morshead,Porsche,31/07/2020,37,28315,France,true,Gleason Inc
104,Daniele,Chaperling,Chevrolet,02/08/2018,39,12675,France,true,Senger and Sons
105,Katine,Dallender,Kia,08/03/2022,40,23675,France,true,"Schroeder, Erdman and Ryan"
106,Dulci,Beaston,Nissan,27/03/2020,41,10142,France,false,"Kerluke, Hegmann and Lockman"
107,Vyky,Rollingson,GMC,11/11/2018,31,16851,France,true,"Kerluke, Bogan and Ortiz"
108,Kenny,De Mattei,Volkswagen,02/12/2020,42,30526,France,true,Anderson-Huel
109,Jess,Pietruschka,GMC,14/11/2019,39,8473,France,true,Walter-Legros
110,,Quelch,Volkswagen,07/05/2021,34,18926,France,false,Konopelski Inc
111,Templeton,Mardall,Lexus,03/07/2020,37,21032,Spain,true,Barrows-Lemke
112,Dory,McKeeman,Ford,03/03/2019,38,17755,Spain,true,Wyman and Sons
113,Chelsae,Athridge,Maybach,03/07/2021,38,29591,France,true,Cruickshank-Kessler
114,Leroy,Soreau,GMC,12/02/2021,52,22658,France,false,Wisozk LLC
115,Hazlett,Mortel,Mitsubishi,15/02/2019,48,17749,France,false,Crist-Pollich
116,Carmencita,Lodeke,Buick,31/05/2020,45,23525,France,false,Casper-McCullough
117,,Alexandersen,Land Rover,27/02/2020,39,22977,France,false,Wehner and Sons
118,Levi,Bacchus,Toyota,17/09/2019,47,22834,France,true,Paucek-Price
119,Lindy,Ewbanks,Volkswagen,05/04/2020,40,18401,France,true,"Anderson, Greenholt and Dare"
120,Darleen,Spellessy,Mitsubishi,05/07/2020,43,27181,France,false,Rogahn-Osinski
121,Drusy,Rene,Lexus,08/02/2022,40,27453,France,true,"Cummerata, Zieme and Stroman"
122,Sharai,Huster,Toyota,01/12/2018,41,18975,Spain,true,"Altenwerth, Bosco and Gislason"
123,Coral,Carden,Porsche,22/04/2021,41,18184,France,true,Lynch Inc
124,Lilia,Kinset,Mercedes-Benz,18/04/2019,48,27568,Germany,true,"Blick, Lemke and Langworth"
125,Linnet,Averill,Mitsubishi,31/01/2022,44,15694,Germany,true,"Quigley, Cartwright and Abbott"
126,,Georgeson,Chevrolet,13/12/2020,38,21782,France,false,"Ruecker, VonRueden and MacGyver"
127,Emmalyn,Masden,Buick,10/02/2020,32,24870,France,false,Champlin-Runolfsson
128,,Pedri,Hyundai,14/01/2020,42,18557,France,true,Ryan Inc
129,Jacky,Motion,Mitsubishi,23/05/2021,31,21720,Spain,false,"Gusikowski, Hodkiewicz and Borer"
130,Ulises,Renak,Isuzu,28/02/2021,41,15736,France,false,Hettinger Group
131,Gardie,Lyst,Isuzu,24/09/2021,43,9079,France,true,Bruen-Hudson
132,Fiona,Trolley,Dodge,05/12/2020,35,25551,France,false,Koss-Renner
133,Manda,Spindler,Chrysler,27/05/2020,43,22472,France,false,Christiansen-O'Conner
134,Kaylil,Palley,Mazda,29/05/2020,40,23895,Germany,false,Wyman-Schultz
135,Eran,Skarr,Buick,26/06/2022,49,19960,France,true,Gutkowski LLC
136,Daniela,MacInerney,Hyundai,02/06/2020,34,17894,Spain,false,"Maggio, West and Bruen"
137,Malva,Tale,Bentley,17/12/2018,37,18750,France,false,Botsford-D'Amore
138,Aurthur,Newey,Maserati,13/12/2021,41,28353,France,false,"Grant, West and Douglas"
139,Rory,Lowdiane,Lexus,11/03/2020,34,17365,France,true,Boyer-Rodriguez
140,Shirl,Archambault,Ford,12/08/2018,29,21586,France,false,Schoen and Sons
141,Ros,Hacquard,Chevrolet,15/01/2019,39,16214,France,false,Douglas and Sons
142,Layla,Godfery,Ford,23/11/2020,31,20518,France,false,Heller-Heathcote
143,Rosemarie,Case,Chevrolet,01/10/2021,40,24327,United Kingdom,true,Koelpin Inc
144,Paxton,Redmell,Mercedes-Benz,13/01/2021,30,20278,France,true,Zulauf Inc
145,Berty,Ousley,Lexus,01/02/2021,32,20470,France,true,"Schowalter, Cummings and Gibson"
146,Bevvy,Kemm,Ford,29/11/2019,46,22681,France,true,"Waters, Rosenbaum and Bradtke"
147,Melodie,Frohock,Ford,29/03/2020,30,21040,France,false,"Greenholt, Reichert and Corkery"
148,Robbyn,Vose,Mitsubishi,23/09/2020,31,19363,France,true,Dietrich Group
149,Meir,Squirrell,Ford,09/01/2020,36,29236,France,false,Hamill-Swaniawski
150,Montague,Duetschens,Bentley,29/01/2020,42,19912,France,true,Wisozk and Sons
151,Mae,Rolse,Chevrolet,27/06/2019,29,13361,France,true,"Bahringer, Adams and Hintz"
152,Barney,Tallowin,Chevrolet,14/12/2020,41,19048,France,true,Jenkins-Cummings
153,Kennedy,Crain,Mercedes-Benz,17/11/2021,36,21541,France,true,"Morissette, Hirthe and Wisozk"
154,Wynn,Rabbatts,Chevrolet,01/01/2021,43,20371,France,false,Langworth-Quigley
155,Filia,Baldini,Mercedes-Benz,14/08/2020,31,16198,France,true,McDermott-Robel
156,Willette,Ropars,Chrysler,16/10/2021,34,28853,France,false,"Rosenbaum, Kessler and Herman"
157,Natalya,Fairleigh,Mitsubishi,07/08/2018,54,17727,France,false,"Miller, Marvin and Medhurst"
158,Stefania,Van't Hoff,GMC,07/10/2019,43,23785,Germany,true,Lubowitz-Gutkowski
159,,Beavors,Volkswagen,06/03/2019,42,21497,Germany,false,"Rempel, Buckridge and Jakubowski"
160,Emmaline,Cund,Subaru,21/04/2021,44,23534,France,true,"Purdy, Reichel and Gerhold"
161,Jemmie,Harriday,BMW,15/07/2021,37,21682,Spain,false,Ortiz-Kilback
162,Allard,Axelbey,Chevrolet,05/08/2018,49,27530,France,false,"Weissnat, Klocko and Sipes"
163,Nikolai,Andrassy,Ford,04/06/2021,29,20479,Spain,false,Sipes Group
164,Grantley,Schlagh,BMW,31/12/2020,49,20243,France,false,Blick Group
165,Vicky,Cochran,Dodge,08/10/2020,33,6456,France,true,Goodwin-Ritchie
166,Daniele,Melmoth,Ford,15/05/2022,46,30218,France,true,Denesik Group
167,Madeleine,Gloy,Suzuki,20/08/2021,35,15354,France,true,Breitenberg Inc
168,Debor,Ridoutt,BMW,12/06/2021,38,15253,France,false,"Connelly, Mills and Bashirian"
169,Emmalynne,Churchward,Lincoln,18/01/2022,36,27461,France,false,"Jacobson, Farrell and Graham"
170,Esther,Plumridge,Audi,06/10/2021,37,23442,France,true,Schinner-Quigley
171,Mabel,Pfeffle,Hyundai,20/05/2021,43,15238,Germany,false,Bauch LLC
172,Eba,Ivanchov,Dodge,05/09/2018,47,25619,France,false,Jerde Inc
173,Geralda,Coppenhall,Nissan,12/01/2020,41,23934,France,false,Harber and Sons
174,Claresta,Matschoss,Chevrolet,29/01/2021,44,24319,France,false,Gulgowski Inc
175,Gaspard,Allbones,Ford,27/09/2019,36,28361,France,false,Nitzsche Group
176,Bram,Riddall,Lexus,11/04/2022,41,14074,Spain,true,"Huels, Morissette and Hand"
177,Fanechka,Paffley,Toyota,08/12/2019,35,17772,Spain,false,Hamill-Walsh
178,Raven,Wulfinger,Buick,23/06/2020,39,15612,France,false,Stanton Group
179,Ashli,Stelle,Chevrolet,30/03/2022,44,25918,France,true,O'Connell-Murray
180,Tobe,Skirvin,Ford,05/10/2021,31,23183,France,false,Smith Group
181,Merlina,Taylorson,Suzuki,18/06/2019,43,22795,France,false,"Kris, Kuhlman and Jacobs"
182,Sibelle,Portress,Lexus,11/01/2022,43,25071,France,true,Lueilwitz-Weissnat
183,Laney,Boatwright,Mercedes-Benz,15/10/2020,36,13887,United Kingdom,false,Jones-Kozey
184,Hymie,Kabisch,Ford,14/07/2019,44,16945,Germany,false,Zulauf Group
185,Berri,Brownell,Mitsubishi,28/06/2021,34,17946,France,false,MacGyver Group
186,,Beadman,Scion,15/03/2022,41,24864,Germany,true,Rutherford-Dicki
187,Stirling,Mechem,Chevrolet,16/09/2019,40,26546,Germany,false,Zieme-Padberg
188,Aurelie,Albiston,Porsche,20/08/2019,43,18282,France,true,Gleichner LLC
189,Binny,Bernadon,Honda,16/01/2020,38,19223,France,true,"Koelpin, Rolfson and McKenzie"
190,Josie,O'Noulane,Dodge,20/01/2019,36,26192,Spain,true,Ward Inc
191,Daniele,Klaff,Chevrolet,31/10/2019,38,19206,Germany,false,Kertzmann Inc
192,Tricia,Leemans,Toyota,14/12/2021,40,15126,United Kingdom,true,"Mraz, Ortiz and Skiles"
193,Perice,Battelle,Chrysler,27/06/2020,29,14071,France,true,"Hills, Hackett and Rowe"
194,Hinda,Dalziell,Dodge,12/02/2019,32,20399,France,true,Murazik Inc
195,Jacquenette,Baitey,Maserati,17/06/2020,36,19169,France,false,"Harris, Kilback and Rutherford"
196,Barbabas,McFade,Audi,15/02/2020,40,21909,France,true,Cassin Group
197,Deva,Hinrichs,Ford,27/07/2021,38,10633,France,false,Hackett Group
198,Gregoor,Rawles,Pontiac,05/02/2020,36,10179,France,true,Fadel Inc
199,Pauletta,Sisley,Hummer,16/01/2020,42,15878,Germany,false,Satterfield-Braun
200,Jerrie,Bansal,Subaru,05/12/2019,32,16454,United Kingdom,true,"Mertz, Ratke and Mosciski"
201,Kiley,Tungay,Maybach,13/06/2021,41,22486,France,false,"Metz, Batz and Glover"
202,Gina,Severy,Nissan,22/04/2019,22,19566,France,false,"Powlowski, Terry and Hane"
203,Kristofor,Jovovic,Suzuki,07/05/2022,35,24797,France,true,Cronin-Barton
204,Luis,Boshard,Chevrolet,10/04/2019,48,18335,France,true,Moore-Kilback
205,Cordie,Albery,Isuzu,02/03/2019,34,21304,France,false,"Rutherford, Corwin and Block"
206,Justen,Fetters,Maybach,08/08/2020,29,19800,Germany,false,Muller Group
207,Solomon,Harwick,Nissan,02/08/2019,38,15121,France,false,Haag-Gutkowski
208,Jodi,Curnnok,Subaru,16/09/2019,43,20988,France,true,"O'Conner, Hessel and Lind"
209,Zeb,Foulcher,Nissan,06/04/2019,47,20749,France,false,Schumm Group
210,Worthy,Brownsword,Ford,21/10/2020,34,25365,France,false,Bins Inc
211,Lind,Krimmer,Lexus,15/02/2020,41,20273,France,false,"Russel, Blanda and Kulas"
212,Florenza,Tarpey,Pontiac,26/07/2019,49,17643,France,false,DuBuque Group
213,Honoria,Purvis,Infiniti,28/01/2020,43,27011,Spain,true,Predovic LLC
214,Had,Wringe,Volkswagen,13/01/2021,35,28881,France,true,"McDermott, Balistreri and Predovic"
215,Giulio,Blincow,Mazda,12/11/2018,38,15199,France,false,Walter and Sons
216,Uri,Renison,Cadillac,11/02/2021,36,24211,France,true,Price LLC
217,Bogart,Corington,Ford,03/09/2021,46,12509,France,false,"Hane, Gleichner and Cruickshank"
218,Penelope,Buller,Mercedes-Benz,23/08/2018,51,23861,France,false,O'Hara-Hilll
219,Ilse,Stanbra,Isuzu,31/08/2021,40,16494,France,true,Stark and Sons
220,Corbet,D'Hooge,Ferrari,27/03/2020,49,15495,France,false,Bernhard-Schaefer
221,Lev,Cradduck,Volkswagen,21/10/2021,41,17582,United Kingdom,false,Gottlieb LLC
222,Ewart,Canada,Kia,20/04/2019,45,26958,France,true,"Nader, Runolfsdottir and Yundt"
223,Farleigh,Queyos,Chevrolet,20/07/2020,48,19005,France,false,Lehner-Cremin
224,Concettina,Cakebread,Mazda,25/03/2019,40,23151,France,true,Watsica-Schulist
225,Paten,Tourmell,Mercedes-Benz,19/11/2021,48,28480,Spain,true,"Oberbrunner, Marquardt and Breitenberg"
226,Ileana,Mabbitt,Mazda,22/07/2020,39,22234,France,false,Treutel and Sons
227,Jerrold,Kestell,Pontiac,11/01/2022,29,25917,France,false,Howe-Torphy
228,Julietta,Bute,Audi,01/03/2019,40,16685,France,false,Auer-Barton
229,Mil,Belasco,Volkswagen,23/10/2021,31,18009,France,true,Douglas Group
230,Fairleigh,Szymonowicz,Honda,15/05/2019,34,25772,France,true,Dach-Rice
231,Nolie,Paling,Infiniti,30/05/2022,41,21786,France,false,Murray-Considine
232,Sybilla,Basezzi,Oldsmobile,27/10/2018,51,27776,France,false,"Kris, McGlynn and Emard"
233,Dominique,Seymer,Aston Martin,04/04/2020,45,16667,France,false,Douglas-Leuschke
234,Vincenty,Rich,Suzuki,22/11/2018,45,19707,France,false,"Wunsch, Champlin and Rutherford"
235,Inglis,Silverton,Ford,31/10/2019,47,27956,France,false,"Collier, Will and Windler"
236,Bryna,Camp,Acura,23/06/2019,42,24066,France,false,"Gottlieb, Lueilwitz and Will"
237,Parnell,McTavish,GMC,23/12/2018,45,20498,France,true,Boyle and Sons
238,Loleta,Dance,Cadillac,16/12/2020,38,20648,France,false,"Bartoletti, Barrows and Effertz"
239,Georgia,Praundlin,Nissan,04/12/2019,45,9681,France,false,Hayes-Rempel
240,,Danaher,Ford,03/08/2020,37,15596,France,false,Stroman-Witting
241,Natalee,Callcott,Mercury,17/05/2022,35,13907,France,true,Gutmann Group
242,Kippar,Sothern,Ford,16/09/2020,40,15300,France,false,"Champlin, Zieme and Weber"
243,Yevette,Jovis,Mercury,16/03/2019,44,19235,France,false,Goodwin-Leffler
244,Shayla,Doughton,Volkswagen,11/06/2020,40,25007,France,false,Shields Group
245,Jerome,Bottini,Mercedes-Benz,31/10/2019,33,8588,France,false,Schimmel-Emard
246,,Messingham,Chevrolet,14/03/2020,30,15848,Spain,false,Streich Group
247,Donny,Baswall,Nissan,13/01/2019,39,23045,France,true,Krajcik and Sons
248,Joann,Rawet,Audi,13/05/2019,38,26164,France,true,Fahey-Wilkinson
249,Jerri,Gately,Chevrolet,24/06/2020,47,24890,France,true,Rice LLC
250,Merilyn,Lisamore,Jeep,25/12/2021,43,18879,France,true,Yost LLC
251,Marc,Fairclough,Isuzu,17/03/2020,36,21151,France,false,"Crooks, Sanford and Mohr"
252,Susannah,Sinclaire,Volkswagen,18/09/2019,47,24791,Spain,true,O'Reilly-Denesik
253,Taddeo,Barents,Kia,18/08/2020,37,25638,United Kingdom,true,Schiller-Hartmann
254,Pooh,Hawkridge,Volkswagen,16/03/2019,40,20689,France,true,Pouros and Sons
255,Myrtle,Bazell,Mercedes-Benz,18/09/2018,35,14463,France,true,Koss-Wiegand
256,Gaven,Kennifick,Hyundai,03/06/2020,42,24355,France,true,Moen Group
257,Ladonna,Delieu,Volvo,10/05/2020,39,23953,France,false,Bailey-Lakin
258,Catherin,Stanyland,Pontiac,21/03/2019,36,23579,France,true,"Block, Grant and Shanahan"
259,Lizette,Dorcey,Mercedes-Benz,22/06/2022,31,18689,France,false,Kreiger and Sons
260,Shanie,Dowse,Chevrolet,23/09/2019,36,13758,France,true,"Beatty, Weimann and Bernhard"
261,Estrellita,Barbour,GMC,01/11/2019,35,12747,France,true,"Morar, Klocko and Hintz"
262,Margaretta,Abrahamoff,Lexus,17/10/2019,40,21374,France,true,Boehm-Russel
263,Tessa,Ditt,Volkswagen,13/07/2020,41,15675,United Kingdom,true,Stehr Group
264,Harbert,Demonge,Chevrolet,06/06/2022,39,11638,France,false,"Orn, Labadie and Abshire"
265,Stephana,Treves,Chevrolet,29/08/2019,32,19475,Germany,false,"Koss, Metz and Brakus"
266,Edythe,Waggatt,Subaru,14/04/2020,48,25861,France,false,Kunde Group
267,Avrom,Windridge,Toyota,09/01/2019,29,25172,Germany,false,Flatley-Schuster
268,Rea,Beenham,Toyota,09/12/2021,27,17756,Germany,true,Sauer-Walsh
269,Romain,Notley,Maserati,19/10/2018,32,16754,France,true,Sipes Inc
270,Saundra,Mc Carrick,Toyota,02/04/2020,45,20549,France,true,Kuhic-Metz
271,Marjie,Gierok,BMW,06/05/2022,46,27604,Spain,false,Tremblay-Romaguera
272,Benton,Hymus,Nissan,29/01/2019,26,18367,Spain,true,Cummerata-Hilll
273,Blanche,Flowerdew,GMC,23/06/2020,24,25488,France,true,O'Hara and Sons
274,Emelina,Collomosse,Subaru,20/08/2018,42,24192,France,false,"Wyman, Hermann and Dibbert"
275,Dasha,Cartner,BMW,13/03/2019,39,25616,France,false,Schroeder and Sons
276,Bern,Fortey,Dodge,15/01/2021,39,18091,France,false,Lockman-Orn
277,Leonanie,Wennam,Saab,01/03/2020,42,16755,France,false,"Heller, Jaskolski and Reilly"
278,Faina,Bagniuk,Dodge,20/06/2021,43,18524,France,false,Quigley-Howell
279,Ira,Munehay,Pontiac,03/10/2021,42,23090,France,false,Kuhlman-Walter
280,Maximilien,Caulder,Chevrolet,20/10/2021,68,18287,Germany,false,Wisoky-Will
281,Cortie,Leverton,Saab,30/06/2022,37,16225,France,true,"Wilkinson, Mraz and Ritchie"
282,Kittie,Stanislaw,Cadillac,29/03/2020,30,24724,Germany,false,Padberg Group
283,Benedikta,Winkworth,Honda,24/08/2018,35,22247,France,true,Kihn-Hintz
284,Papagena,Frankham,Toyota,28/10/2018,27,14984,France,true,"Schuppe, Walter and Johnston"
285,Kari,Imbrey,Mercedes-Benz,03/04/2021,37,10898,France,true,"Walter, Windler and Bayer"
286,Nikolai,Gerriet,Buick,13/06/2020,43,23528,France,false,Baumbach Group
287,Hastings,Berni,Suzuki,28/11/2018,40,28400,France,false,Strosin-Dickinson
288,Ulrich,Bramo,Volkswagen,18/01/2020,33,16486,France,false,Strosin-Pollich
289,Benni,Sprott,Chevrolet,18/03/2022,40,17718,France,false,"Pacocha, Haley and Hammes"
290,Lawry,Leaning,Eagle,03/01/2022,55,19665,France,true,Moen LLC
291,Jobie,Reddyhoff,Nissan,16/03/2022,26,20580,France,false,Zulauf-Hoppe
292,Deny,Spall,Ford,03/06/2021,42,13579,France,false,Macejkovic Group
293,,Biaggetti,Infiniti,08/09/2021,39,24744,France,false,Dietrich-Bayer
294,Moe,Pouton,Pontiac,16/08/2018,40,20232,France,true,Abbott-Gleason
295,Leigh,Brigginshaw,Chrysler,31/08/2020,41,22988,Spain,false,"Zieme, Greenholt and Reinger"
296,Rockwell,Haking,Rolls-Royce,28/11/2019,49,20392,France,false,Bergstrom Group
297,Bellina,Totman,Toyota,23/12/2019,45,19046,France,true,McGlynn-Zieme
298,,Liddington,Ford,20/07/2021,36,17878,France,false,Abbott and Sons
299,Eldridge,Hurring,Ford,25/07/2020,38,25253,France,false,"Nolan, Rath and Ward"
300,Zelma,Oxenden,Pontiac,13/07/2020,38,14941,France,true,Maggio-Casper
301,Rossie,Feldbau,Chevrolet,04/06/2019,42,18902,France,true,Conn Group
302,Marlin,Scotland,Volvo,16/09/2020,38,22879,France,true,"Weber, Botsford and Ward"
303,Ethel,Askaw,Subaru,05/07/2019,45,18014,France,true,Ziemann LLC
304,Veda,Le Friec,Lincoln,15/09/2021,33,26116,France,false,Orn LLC
305,Barbara-anne,Walklett,Nissan,29/01/2021,45,19969,France,true,Kirlin Inc
306,Kriste,Bontine,Toyota,01/06/2019,37,20927,France,false,"Bergnaum, Kiehn and Gutmann"
307,Becki,Bilton,Saab,16/07/2021,32,19161,France,true,Bruen-Huels
308,Samara,De Freitas,Toyota,15/06/2019,34,11381,France,true,Weimann-Nicolas
309,Kipper,Perrett,Mitsubishi,18/07/2020,37,22354,France,false,Moore Group
310,Marleen,Renzini,Volvo,03/04/2021,47,18028,Germany,false,Rowe-Kub
311,Ede,Bonn,Aptera,02/12/2019,33,30574,France,false,Kuhic-Zieme
312,Emlyn,Siddall,Nissan,10/12/2019,39,25024,France,false,Marquardt Group
313,Georgina,Knowller,Bentley,20/09/2019,54,11310,France,false,Schamberger Inc
314,Elmira,Kemmish,Nissan,19/06/2021,38,20439,France,true,"Wehner, Satterfield and Zieme"
315,Read,Yeaman,Ford,06/10/2020,34,7956,France,false,"Ledner, Mante and Hoeger"
316,Michael,Antliff,Eagle,18/09/2021,38,21177,France,true,Kshlerin-Carter
317,Jeffrey,Stemp,Chevrolet,31/10/2020,37,19428,France,true,Renner and Sons
318,Hyacinthie,Lambricht,Mazda,12/03/2022,45,18267,France,true,"Zulauf, Hilll and Lind"
319,Quincy,MacHoste,Lamborghini,11/01/2021,40,17148,France,false,Hodkiewicz Group
320,Stacee,Simonich,GMC,15/07/2020,33,24485,France,true,Weber-Blick
321,Stacee,Pocke,Dodge,23/08/2020,26,22251,France,true,Reynolds-Schmeler
322,Kevina,Kalvin,Chevrolet,28/04/2022,34,27204,France,false,Jaskolski Inc
323,Tobe,Quarton,Mitsubishi,04/01/2020,43,24026,France,false,Rippin LLC
324,Belvia,Fishpool,Mazda,13/01/2022,33,12645,France,true,Schowalter and Sons
325,Ewen,Bewshire,Audi,08/05/2019,51,18436,France,false,"Schmidt, Treutel and Adams"
326,,Lumpkin,BMW,29/10/2020,32,15216,France,false,"Greenholt, Thiel and Schmeler"
327,Baxter,Addinall,Chevrolet,25/06/2021,44,13341,France,false,"McCullough, Kautzer and Fisher"
328,Lishe,Martland,Audi,04/10/2020,37,20895,France,false,Orn Inc
329,Kore,Chezelle,Lexus,14/12/2021,41,10457,France,false,"Carter, Kertzmann and Berge"
330,Lotta,Steward,Acura,19/10/2019,41,28420,France,true,"Raynor, Kautzer and Runolfsson"
331,,Boutflour,BMW,06/07/2022,48,17077,Spain,true,Yundt LLC
332,Carlo,Rex,Mazda,22/06/2019,44,20423,France,false,Oberbrunner-Schowalter
333,Pearla,Marquez,Mazda,27/11/2018,40,19141,France,false,Wunsch Group
334,Nariko,Hinsch,Toyota,03/04/2019,43,17978,France,false,"McLaughlin, Prosacco and Koelpin"
335,Tymon,Bawles,Mazda,31/05/2019,38,27373,France,true,Stanton-Doyle
336,May,Gowlett,Volkswagen,09/03/2021,48,12455,France,true,Davis-White
337,Valentijn,Stanford,Mercedes-Benz,20/07/2020,36,20012,France,false,"Willms, Hickle and Osinski"
338,Ernst,Farnes,BMW,29/10/2018,34,14846,France,true,Torphy-Watsica
339,Guendolen,Mealing,Ford,23/08/2018,46,25512,France,false,"Marquardt, Daugherty and Sipes"
340,Caralie,Goggen,Audi,07/10/2019,39,15934,France,false,Johnson LLC
341,Gauthier,Allsupp,Honda,10/04/2020,43,20374,France,false,Cole and Sons
342,Hazlett,Masic,Volkswagen,09/07/2022,40,24701,France,false,Bins-Windler
343,Concordia,Fearneley,GMC,25/01/2019,36,22005,France,true,Corkery Inc
344,Veradis,Karby,Mitsubishi,10/04/2020,61,28506,France,false,Upton LLC
345,Emmaline,Ferrieroi,Panoz,01/03/2022,43,26374,France,true,Gusikowski LLC
346,Prent,Scutching,Buick,20/01/2022,33,23538,France,true,Koepp-Bayer
347,Roanna,Georgeson,Panoz,17/04/2019,45,22888,France,true,"Beer, Lowe and Wolff"
348,Ferdinanda,Fulcher,Ford,05/08/2019,45,19039,France,true,"Okuneva, Ryan and Kshlerin"
349,Welsh,Eades,Ford,04/11/2021,48,31311,France,true,Berge LLC
350,Miner,Coyle,Toyota,30/08/2019,44,17714,France,false,"Harber, Treutel and Schmitt"
351,Sayres,Dinnies,Mazda,16/10/2018,39,19026,France,true,"Schmidt, Connelly and Crona"
352,Linc,Dowyer,Toyota,16/05/2022,35,26186,France,true,"Anderson, Fahey and Klein"
353,Andreas,Trenfield,Ford,28/11/2021,42,27294,United Kingdom,false,Morar Inc
354,Waldon,Clausewitz,Subaru,02/10/2019,42,22072,France,true,Armstrong Inc
355,Aline,Reay,Pontiac,03/01/2021,33,19798,France,false,Tremblay-Harber
356,Carl,Reary,Toyota,19/03/2019,47,21919,France,true,"Fritsch, Lemke and Schmeler"
357,Leone,Ripley,Kia,16/09/2021,33,17318,France,true,Labadie-Beer
358,Benni,Lechmere,Ford,15/09/2020,29,16856,United Kingdom,false,Renner-Becker
359,Valma,Hillen,Chevrolet,21/08/2020,47,29178,France,false,"Quigley, King and Schultz"
360,Heidi,Cumber,Mercedes-Benz,07/11/2019,34,15987,France,true,Huels-Runolfsdottir
361,Brandice,Gehrels,Chevrolet,15/11/2019,41,17480,United Kingdom,true,Rolfson and Sons
362,Rodney,Gummory,Kia,27/02/2022,40,17742,France,false,"Smitham, Yost and Luettgen"
363,Juliet,Bice,Pontiac,09/08/2020,35,20684,France,false,Robel LLC
364,,Bowsher,Subaru,07/05/2021,43,16778,France,true,Torp-Nitzsche
365,Julianne,Wein,Subaru,13/04/2020,54,26535,France,true,Macejkovic Inc
366,Daffi,Le Friec,Lexus,19/02/2020,42,17798,Germany,false,"Grant, Ruecker and Walter"
367,Paddie,Heathcoat,Buick,03/04/2019,45,21821,France,true,"Wiza, Larkin and Barrows"
368,Jori,Tresler,Isuzu,01/09/2021,50,31658,France,false,Senger Inc
369,Kristofor,Norkutt,Porsche,15/01/2021,48,27701,Spain,true,Huels Inc
370,Lester,Jolland,Acura,04/03/2021,43,26551,France,false,Casper and Sons
371,Melany,Reedy,Chrysler,09/08/2020,43,34200,France,true,Pfannerstill-Schiller
372,Kimbell,Tippett,Acura,30/04/2019,44,24213,France,true,Lang-Hickle
373,Marybeth,Mattack,Dodge,06/07/2020,52,27476,France,false,"Runolfsson, Feest and Nitzsche"
374,Joellen,Kinton,GMC,07/07/2019,36,22254,France,false,Littel-Nikolaus
375,Jodi,Tumielli,Volvo,29/09/2018,51,15518,France,false,Rutherford-Wolf
376,Britt,Garrad,BMW,07/08/2019,36,16025,France,true,Stanton Inc
377,,Stanyland,Ford,20/01/2021,57,12702,France,false,Cormier and Sons
378,Sergei,Rawlyns,Nissan,18/09/2018,41,14553,France,false,Torphy LLC
379,Cirilo,Tipper,Mitsubishi,01/02/2021,52,27074,France,false,"Wilkinson, Abbott and Ondricka"
380,Paulina,Oldnall,Saab,03/06/2021,50,17955,France,true,Johns Inc
381,Wendie,Wife,Mazda,20/01/2021,41,22554,France,false,Romaguera-Schoen
382,Zachariah,Press,Volkswagen,01/01/2019,47,20225,France,false,"O'Reilly, Altenwerth and McClure"
383,Thorpe,Fransinelli,Jeep,04/06/2019,39,19902,France,false,Carroll-Predovic
384,Adina,Farrant,Chevrolet,06/04/2021,47,18457,France,false,Gleichner Inc
385,Wilona,Apdell,Acura,14/08/2018,37,17486,France,true,"Towne, Carroll and Dare"
386,Jeniece,Le Grys,Hyundai,23/12/2021,41,24295,France,false,"Kunze, Hoeger and Nolan"
387,Arnaldo,Blench,Mitsubishi,11/05/2021,49,19921,France,true,"Kunze, Jacobs and Cole"
388,Ryun,Cauderlie,GMC,06/02/2021,44,16432,Germany,true,"Fay, Hettinger and Gislason"
389,Alejandrina,Sparke,Chevrolet,16/01/2022,33,18272,France,true,Quitzon LLC
390,Elset,Farnill,Volvo,12/07/2022,35,15839,Spain,false,"Schuppe, Mayer and Romaguera"
391,Karoly,Loffel,Mercedes-Benz,26/03/2020,36,18135,France,false,Strosin LLC
392,Mead,Popeley,Mercedes-Benz,06/11/2019,40,24203,France,false,"Mohr, Hilpert and Swift"
393,Kliment,Dooland,Mazda,15/06/2019,32,14109,France,true,Olson-Stoltenberg
394,Luella,Elcombe,Ford,01/05/2019,38,27582,Spain,true,Schumm-Ritchie
395,Toby,Braban,Acura,11/09/2019,39,19320,France,true,Kozey Group
396,Sheila-kathryn,Case,Mazda,31/01/2019,31,15392,France,true,"Ferry, Lubowitz and Roberts"
397,Boy,Cottham,Buick,01/12/2019,43,30115,France,false,Keebler-Predovic
398,Wiatt,Gourdon,Ford,22/07/2022,44,26436,France,true,Upton and Sons
399,Pip,Reuben,Subaru,25/02/2020,39,23899,France,true,Kunze Group
400,Wilone,Gellan,Chevrolet,18/06/2020,43,23066,France,true,"Hirthe, Casper and Ferry"
401,Aretha,Minton,Ford,21/09/2021,33,21437,France,false,Yost Group
402,Chrystal,Jorio,Mitsubishi,02/04/2019,51,23467,France,false,"Blanda, Brown and Lesch"
403,Ram,Lamlin,Lexus,03/04/2021,40,29640,France,true,"Fay, Ledner and Mosciski"
404,Nathalia,Como,Bentley,13/01/2021,37,12781,Germany,true,Nitzsche-Anderson
405,Lydia,Southcott,Nissan,17/02/2021,31,12783,Germany,true,"Anderson, Jakubowski and Brekke"
406,Anatola,Izakovitz,Toyota,28/06/2021,35,19788,France,false,Skiles-Langosh
407,Hunt,Sartain,Lexus,07/11/2019,38,14205,France,false,Fritsch-Emmerich
408,Nelie,Crone,Ford,13/05/2019,42,21909,France,true,Reinger Group
409,Tildy,Viles,Infiniti,07/01/2021,35,28076,France,false,"Jenkins, Friesen and Boyer"
410,Liliane,Schimke,GMC,11/11/2021,42,25430,France,true,"Towne, Ryan and Dach"
411,,Eggerton,Lexus,16/06/2020,37,23242,France,false,Cartwright-Johns
412,Corie,Whightman,Volkswagen,26/06/2019,39,18440,France,true,Fahey-Boehm
413,Lula,Vashchenko,Lincoln,31/03/2021,54,22335,France,false,"Herzog, Grant and Gottlieb"
414,Jessalyn,Dolan,GMC,31/03/2022,38,23548,France,false,Greenfelder-Russel
415,Rance,Lerhinan,Mercedes-Benz,31/10/2020,37,15949,France,false,Hegmann LLC
416,,Jameson,Mitsubishi,18/12/2018,48,28539,Germany,false,"Koch, Grimes and Batz"
417,Troy,Chartman,Porsche,12/09/2018,25,19632,France,true,Cormier-Jacobson
418,Cori,Smithen,Ford,27/02/2020,33,26049,Germany,true,Balistreri LLC
419,Caterina,Tegeller,Infiniti,19/08/2021,48,13208,France,true,Gibson Group
420,Ernaline,Stoffler,Pontiac,16/05/2022,43,18377,France,false,Nolan-Sporer
421,Caye,Hubbucks,Buick,05/02/2022,43,19333,France,false,"Kemmer, Veum and Pagac"
422,,Bollini,GMC,21/01/2021,42,23369,France,true,Mills and Sons
423,Codie,Bunton,Lotus,11/05/2021,48,24750,France,true,Keeling-Haag
424,Hermina,Van Der Hoog,Suzuki,04/12/2019,38,20299,France,false,Bergnaum Group
425,Frasier,Keysel,Ford,06/11/2020,43,20177,Spain,true,"Waelchi, Shields and Hilll"
426,Cordelie,Bridgwater,Mercedes-Benz,29/04/2021,46,7253,France,true,"Cummings, Spinka and Rippin"
427,Nari,Greves,Hyundai,19/09/2018,34,25453,United Kingdom,true,Larson-Halvorson
428,Dalenna,Firth,Jeep,21/07/2021,36,11912,France,true,Casper LLC
429,Fifi,Weekland,Lincoln,24/11/2018,60,24685,France,true,"Fay, Stiedemann and Wintheiser"
430,Andrea,Felder,Subaru,27/08/2021,37,24205,France,false,Zulauf Inc
431,Maren,Meeny,Lincoln,10/09/2020,38,14599,France,false,Torphy Group
432,,Taylot,GMC,15/10/2019,38,21295,France,false,"King, Terry and Ledner"
433,,Forsdyke,Dodge,02/10/2020,43,24481,France,true,Gutkowski-Kuvalis
434,Matti,Dacres,Ford,07/11/2020,39,12886,France,false,Jacobs-Bruen
435,Liza,Snyder,Jaguar,05/05/2022,65,20505,France,false,Murray Inc
436,Gerald,Fulham,Ford,13/01/2019,39,21070,France,true,"Wiza, Dare and Schumm"
437,Bell,Dyett,Toyota,02/04/2021,45,17059,France,true,Lang-Murray
438,Jocelyn,Honack,Mercedes-Benz,28/06/2020,45,21391,France,false,Veum LLC
439,Roderich,Napoleon,Jeep,08/05/2021,51,22300,France,false,Yost-Littel
440,Mikaela,Axford,Chevrolet,04/11/2018,42,19779,France,false,Dibbert-Kunze
441,Newton,Shickle,Hyundai,27/01/2020,32,25126,Germany,true,Hahn Inc
442,Bonnie,Donnersberg,Infiniti,27/02/2019,48,16342,Germany,true,"Yundt, Bednar and Cassin"
443,Lurleen,Sabatini,Nissan,13/11/2018,50,15766,United Kingdom,true,Jacobson Group
444,Roth,Peteri,Infiniti,29/09/2018,29,22642,France,false,Zemlak LLC
445,Shandeigh,Ogley,Maserati,16/09/2020,30,18042,United Kingdom,false,Ledner-Brekke
446,Lorianne,Pellett,Porsche,24/08/2020,39,24176,France,true,Price-Huels
447,Alva,Somersett,Nissan,06/09/2021,30,25932,France,false,"Denesik, Jones and Cummings"
448,Kassandra,Thirwell,Lotus,25/09/2018,29,24112,France,true,"Okuneva, Fisher and Volkman"
449,Timofei,Briant,Acura,31/01/2022,43,18164,Germany,true,Turner-Hegmann
450,Aimil,Mitrikhin,Suzuki,29/01/2021,36,25567,France,false,Terry Group
451,Althea,Sunnex,Holden,01/02/2021,37,11435,France,true,Kunde LLC
452,Querida,Maffini,Mercury,26/09/2018,32,21124,France,false,Monahan-Smitham
453,Marj,Dautry,Volvo,03/04/2020,43,20773,Spain,true,Durgan Inc
454,Bonny,Golland,Pontiac,21/05/2021,45,21804,France,true,Goyette Inc
455,Phip,Bartolomeu,Bentley,08/05/2021,49,16287,France,true,O'Kon-Mayer
456,Mata,Joule,Volkswagen,26/11/2019,46,7117,France,false,Herzog-D'Amore
457,Brock,Cheves,Lotus,22/03/2020,48,20422,Germany,true,Upton-Auer
458,Melony,Cristoferi,Lexus,09/04/2020,43,19297,France,false,King-Grant
459,Martica,MacGaffey,Chevrolet,08/03/2020,48,25832,France,true,Morissette-Goodwin
460,Pietro,McKibben,Oldsmobile,02/12/2020,27,14619,Germany,true,Johns Group
461,Adina,Klimpt,Dodge,10/08/2019,49,17237,France,false,Legros LLC
462,,Wardingley,Oldsmobile,17/06/2019,28,23889,United Kingdom,true,"Thompson, Morar and Littel"
463,Ryon,Spaice,Volkswagen,12/08/2019,31,30964,France,true,Purdy and Sons
464,Perren,Wiseman,BMW,31/08/2021,39,12997,France,false,"Lehner, Heller and Gleichner"
465,,Rapsey,Plymouth,18/02/2020,36,16161,France,true,Kulas-Ondricka
466,Leoine,Crommett,Saab,09/09/2021,42,16941,France,true,Cassin and Sons
467,Ike,Dunning,Cadillac,14/02/2021,39,26258,France,true,Bergnaum Inc
468,,Gai,Dodge,09/12/2020,45,34745,France,true,Brown-Bashirian
469,,Guise,Audi,10/09/2018,28,25629,France,false,"Gutkowski, Wyman and Graham"
470,Millard,Robilliard,Dodge,26/11/2020,44,26670,France,false,"Kihn, DuBuque and Davis"
471,Nicole,Sleney,Toyota,07/03/2021,39,17621,France,true,Pacocha-Schaden
472,Wilmar,McNutt,Audi,31/05/2022,35,20938,Germany,true,Bartell Group
473,Christian,Stuttard,Audi,06/06/2022,31,20696,France,false,"Bernier, Senger and Blanda"
474,Marylin,Vass,Nissan,12/03/2022,44,20177,France,false,Kreiger-Shanahan
475,Astra,Barnsdall,Infiniti,29/04/2021,49,19166,France,false,Lockman-Kihn
476,Micheline,Sallinger,Lexus,29/11/2018,44,25251,France,false,"Jacobson, Barrows and Ondricka"
477,Sigismundo,Chilvers,Nissan,04/06/2022,33,29246,France,false,Reinger Group
478,Carlyn,Beastall,Ford,16/04/2020,33,19458,France,false,Konopelski-Hegmann
479,Olly,Christou,Maybach,23/05/2019,36,20305,France,false,"D'Amore, Hintz and Effertz"
480,Baryram,MattiCCI,Mercedes-Benz,20/03/2021,46,32210,France,true,"Upton, Jakubowski and Hammes"
481,Eleanor,Kubalek,Mazda,27/02/2021,45,18593,France,true,Rau Group
482,Lizabeth,McNuff,Audi,22/11/2020,39,21018,France,true,Schuppe Group
483,Isabel,Faughny,Toyota,04/06/2022,34,16257,France,true,D'Amore-Carter
484,Nikolas,Gowlett,Bentley,23/05/2021,38,11994,Spain,true,Bode-Walter
485,Kahlil,Shelper,Chevrolet,07/05/2021,32,22416,Spain,false,Crona and Sons
486,Gerda,Howerd,Kia,12/08/2018,34,20048,France,true,Kihn Inc
487,Kenna,Berrygun,Bentley,17/07/2022,35,23395,France,true,Rippin-MacGyver
488,Gaspar,Fetherstonhaugh,Ford,01/02/2019,40,25087,France,false,"Schiller, McKenzie and Mann"
489,Vanni,Voysey,Ford,14/11/2021,48,17789,France,false,Raynor-Toy
490,Magdalen,Alessandone,Mazda,20/10/2018,37,16173,France,false,Hodkiewicz and Sons
491,,Bartod,Ford,28/07/2021,46,20344,France,true,"Prohaska, Schiller and Mann"
492,Merill,Juan,Lexus,23/03/2021,43,10572,France,true,Smitham and Sons
493,Lotti,Bygraves,Mazda,30/05/2022,42,17087,France,true,Hammes-Kerluke
494,Ellwood,Lumbley,Chevrolet,12/06/2019,44,22359,France,false,Parisian-Gutkowski
495,Shelley,Vicent,Nissan,04/04/2019,30,19512,France,true,Funk and Sons
496,Jana,Rival,GMC,22/12/2021,38,14871,France,false,Waters Inc
497,Verena,Eschalotte,Mitsubishi,24/02/2022,29,19706,France,true,Hagenes-Mills
498,Damiano,Enticknap,Ford,15/05/2021,33,15276,Germany,false,Stiedemann Inc
499,Sayers,Jochen,Nissan,04/04/2019,29,24684,France,false,Maggio-Kreiger
500,,Pennazzi,Isuzu,26/09/2019,46,22705,France,false,Howell-Purdy
501,Rourke,Trippack,GMC,16/06/2021,36,16751,France,true,Kuhn-Monahan
502,Tobe,Woodyatt,Dodge,01/09/2021,39,18332,France,false,Hirthe and Sons
503,Brien,Wrout,Ford,20/01/2021,41,17595,France,true,"Batz, Wiza and Kuhic"
504,Ronni,Flanagan,Mitsubishi,01/07/2020,34,33772,France,false,Heaney Inc
505,Rosalinda,Hazell,BMW,05/04/2022,34,19797,France,false,Pouros Inc
506,Arielle,Brattell,Buick,18/09/2021,40,17908,France,true,Schultz and Sons
507,Donalt,Greschik,Infiniti,12/06/2020,49,23958,France,false,"Gerhold, Hilll and Schoen"
508,Rick,Sancroft,Chevrolet,04/02/2020,38,25462,France,true,Prohaska-Casper
509,Carter,Stainsby,Infiniti,12/01/2019,40,24610,France,true,Haley Group
510,Seymour,Kobiera,Acura,27/10/2021,36,18847,France,false,Okuneva-McGlynn
511,Torr,Rambadt,Pontiac,11/11/2021,38,22850,France,false,Roob Inc
512,Carlee,Cassels,Volvo,22/06/2021,34,27428,Germany,false,"Raynor, Stoltenberg and Bartell"
513,Grange,Hardwidge,Infiniti,27/03/2022,33,10287,France,true,"Fahey, King and McCullough"
514,,Bawcock,Lexus,26/05/2019,45,12551,France,false,Ernser-Cruickshank
515,Ingram,Oris,Land Rover,30/09/2018,37,23908,France,true,Reilly-Jones
516,Verine,Matysiak,Nissan,08/08/2020,42,20172,France,false,Bahringer-Braun
517,Thurston,Laurie,Buick,23/01/2019,45,15528,France,false,"Kautzer, Kunze and Nitzsche"
518,Isadora,Skipper,Mitsubishi,08/05/2021,36,21048,France,true,Hoeger LLC
519,Rebekkah,Fricker,Lincoln,25/11/2020,34,11130,France,false,Quigley and Sons
520,Mallory,Armstead,Hummer,05/02/2020,43,11716,Spain,false,Effertz-Nolan
521,Wilek,Yatman,Honda,09/11/2021,51,9392,France,false,Heaney-Morar
522,Kirstin,Clute,Oldsmobile,25/05/2021,37,20929,France,true,"Abshire, Wehner and Skiles"
523,Alexia,Rubenchik,Toyota,16/07/2022,50,26127,France,false,Stehr-Maggio
524,Eunice,Luetkemeyers,Oldsmobile,22/04/2021,38,16579,France,true,Abernathy-Abernathy
525,Lorie,Devany,GMC,20/03/2022,43,24082,France,false,Konopelski-Grimes
526,Dael,Basili,Scion,17/12/2019,32,16701,France,true,Ritchie-Weber
527,Prudy,Keoghane,Ford,15/07/2019,51,24070,France,true,"Ruecker, Keebler and Moen"
528,Free,Hotton,Hyundai,24/05/2020,48,21924,France,false,Strosin-Goyette
529,Myrwyn,Dismore,Mazda,18/11/2021,27,18493,France,false,"Rutherford, Raynor and Windler"
530,Dorris,Tolossi,Porsche,13/07/2019,36,25965,France,true,Stiedemann-Emard
531,Blinny,Dzenisenka,Mercedes-Benz,29/03/2021,38,23846,France,true,Lang Group
532,Trula,Penley,Mercedes-Benz,05/01/2022,44,23392,Germany,true,Doyle-Stanton
533,Corissa,Winchurst,Mercury,08/08/2019,38,22954,Germany,true,"Kreiger, Leuschke and Larson"
534,Eliot,Sellens,Lexus,28/10/2020,33,22811,France,false,Goldner-O'Hara
535,Manon,Eliasson,Ford,10/02/2022,37,25655,France,false,Wiegand-Glover
536,Nissy,Maus,Dodge,10/01/2019,41,23466,France,true,"O'Conner, Collins and Ernser"
537,Mathew,Mathwin,Pontiac,17/05/2020,43,20624,France,false,Schamberger and Sons
538,Berny,Jossum,Buick,15/02/2022,42,26224,France,true,Heidenreich-Becker
539,Dalia,Secker,Kia,06/11/2019,40,21718,France,false,Wolf Inc
540,Dinah,Mackerness,Dodge,20/08/2018,39,19188,France,true,Jakubowski Inc
541,,Hebbes,GMC,15/10/2019,43,29902,France,true,Koch Inc
542,Maddi,Nelane,BMW,18/10/2019,33,20492,Germany,true,"Kuphal, Rolfson and MacGyver"
543,Eloise,Howey,Chevrolet,06/02/2020,32,15450,France,false,Emard-Sanford
544,Ritchie,Measey,Mitsubishi,07/10/2018,37,31430,France,false,Corwin Inc
545,Christophorus,Whithorn,BMW,05/11/2020,40,22369,France,true,Upton Inc
546,Gerrilee,Jurges,BMW,30/07/2021,48,27565,France,true,"Ziemann, Schumm and Daniel"
547,Darcy,Gammade,Mercury,27/09/2021,36,30909,France,true,Treutel-Denesik
548,Roderich,Scothron,Pontiac,11/09/2021,38,10315,France,true,Welch and Sons
549,Cammie,Iltchev,Ford,13/05/2019,45,21248,United Kingdom,false,Pfeffer-Pollich
550,Lars,Freddi,Audi,18/09/2020,33,16542,France,false,"Streich, Bailey and Stoltenberg"
551,Veronique,Brotherhed,Ford,27/11/2021,38,20766,France,false,Reichert and Sons
552,Lynea,Lief,Austin,14/09/2018,41,13077,France,false,Legros and Sons
553,Nevil,Channon,Subaru,17/05/2021,40,21575,France,true,Predovic and Sons
554,Darius,Fraschetti,Porsche,21/09/2020,42,17803,France,true,"Prosacco, Flatley and Bradtke"
555,Marthena,Southcombe,Plymouth,12/05/2022,33,21803,France,false,Borer-Gerlach
556,Dayna,Guillot,GMC,19/09/2020,38,14064,France,true,"Satterfield, Parisian and Bergstrom"
557,Estell,Sandiland,Chrysler,27/02/2021,35,19220,France,true,"Watsica, Jones and Fahey"
558,Marv,Scain,Mazda,28/12/2020,32,18809,United Kingdom,false,"Bauch, Abshire and Streich"
559,Willamina,Tchir,Ford,30/01/2022,52,13725,France,false,Wilderman LLC
560,Christiano,Pie,Dodge,30/03/2021,28,17300,France,true,"Lebsack, Hauck and Koepp"
561,Mala,Kruschev,Audi,22/04/2019,43,21707,France,true,"Runte, Parker and Gusikowski"
562,Gregg,Ivasyushkin,Plymouth,22/01/2021,36,15410,France,true,Turcotte-Hudson
563,Wenona,Cowgill,Plymouth,21/11/2018,41,13096,Germany,false,"Shields, Quitzon and Runte"
564,Eduardo,Witherby,Chrysler,21/12/2021,42,9579,France,true,"Schneider, Schaden and Baumbach"
565,Gaspard,Walas,Audi,12/04/2020,26,22154,France,false,"Schmeler, Keebler and Welch"
566,,O'Fearguise,MINI,16/01/2020,38,17441,France,false,Dicki-Mosciski
567,Crysta,Bratley,Mercedes-Benz,25/03/2020,34,23853,France,false,Osinski LLC
568,Aimee,Corbally,Mercedes-Benz,19/04/2021,38,19596,France,false,Kunze-Gleason
569,Ambrosius,Tebbit,Mercury,10/07/2020,39,15646,Germany,true,Stiedemann Inc
570,,Ansell,Pontiac,05/09/2018,38,11710,France,false,Corkery and Sons
571,Benjy,Garside,Lincoln,01/02/2022,33,15151,France,false,Mraz LLC
572,Audy,Giacomozzo,Infiniti,28/10/2019,31,16585,France,true,Jakubowski LLC
573,Tamara,McLise,Mercedes-Benz,06/11/2020,38,16803,Germany,false,Gulgowski-Conroy
574,Alexis,Castanone,Honda,04/12/2018,27,13696,France,true,Wiegand-Muller
575,Alfreda,Esmond,Dodge,01/10/2018,38,20818,France,true,"Jenkins, Abbott and Feeney"
576,Barty,Brawn,Mazda,23/06/2019,47,19514,France,false,"Klein, Borer and Jones"
577,Justine,Duckworth,Ford,14/10/2018,36,12563,France,true,Nicolas-Frami
578,Willabella,Hearns,BMW,07/01/2021,42,9833,Germany,false,"Ullrich, Hamill and Crooks"
579,Warren,Sterke,Ford,22/08/2019,33,20899,Germany,false,"O'Reilly, Frami and Lesch"
580,Persis,Rooper,Ford,21/05/2019,49,17868,France,true,Howe Inc
581,Emile,Lawfull,Ford,02/07/2020,32,13516,France,false,Haag-Waters
582,Gwendolyn,Lawland,Suzuki,22/08/2018,32,21666,France,true,Kris-Conroy
583,Demeter,Besant,Acura,09/05/2022,41,17580,France,false,Huels Inc
584,Sophia,Samwaye,Saab,29/07/2021,44,17642,France,false,Wyman Group
585,Carlie,Antoshin,Ford,30/01/2019,41,13360,Germany,false,"Lockman, Toy and Harber"
586,Myrtice,Wormald,Honda,04/11/2020,40,25555,France,true,Fisher-Pacocha
587,Lambert,Riglesford,Buick,24/06/2022,46,17472,France,true,Herzog Inc
588,Giacinta,Kloser,Ford,10/08/2021,40,18037,France,true,Frami LLC
589,Adrianne,Mattiassi,Acura,10/03/2022,42,16884,France,true,"Brakus, Auer and Hand"
590,Salvidor,Full,Dodge,23/10/2020,47,18498,France,false,Schuppe and Sons
591,Greta,Kilmurray,Volvo,11/05/2022,46,23787,France,true,"Mertz, Tillman and Turcotte"
592,Jacobo,Blodget,Scion,24/11/2018,48,15035,France,true,"Wehner, Bashirian and Kunde"
593,Margaret,Langcaster,Subaru,08/06/2020,37,20297,Spain,true,"Gusikowski, Zemlak and Mayert"
594,Gloriana,Weatherhill,BMW,07/05/2019,41,24060,United Kingdom,true,Spencer-Dach
595,,Binney,Volkswagen,18/02/2021,44,22627,Germany,true,Cormier-Klocko
596,Stu,Robertelli,Saab,05/08/2019,36,25379,United Kingdom,true,McDermott LLC
597,Claudell,Lowdiane,Dodge,15/03/2021,53,22577,France,false,Pagac-Toy
598,Tomlin,Heninghem,Dodge,20/10/2020,51,24372,France,true,Lueilwitz-Oberbrunner
599,Dorothy,Slessar,Dodge,05/07/2020,51,18592,France,false,O'Keefe-Goldner
600,Fair,Turvey,Dodge,06/11/2019,51,18295,Germany,false,Stroman and Sons
601,Brand,Allonby,Lotus,26/07/2019,35,17991,United Kingdom,false,Kub-Simonis
602,Miles,Grigoletti,Mitsubishi,16/07/2021,46,16876,France,false,"Doyle, Kuvalis and Kunze"
603,Baillie,Tows,Lexus,13/02/2019,43,22373,France,true,"Gulgowski, Hoeger and Bednar"
604,Tanhya,Corringham,Mercedes-Benz,08/05/2022,33,17504,France,false,"Witting, Brown and Lynch"
605,Cookie,Marre,Mitsubishi,20/06/2022,42,16711,France,false,Pacocha-Rohan
606,Gregoire,Chasmar,Lexus,10/04/2021,43,20821,France,true,"Fay, Ernser and Kovacek"
607,Ellynn,Apdell,Cadillac,25/11/2021,38,26556,France,true,"Gorczany, Zieme and Rempel"
608,Kristina,Krolik,Dodge,17/01/2020,36,10762,France,true,Hills-Schinner
609,Torrence,Heckner,Bentley,29/01/2019,41,16104,France,true,Strosin Group
610,Lacy,Dutson,Subaru,18/01/2021,31,21934,France,true,Ankunding-Conn
611,Alleyn,Cansdale,BMW,27/11/2019,33,14371,United Kingdom,true,Wolf-Parker
612,Clay,Bows,Hyundai,29/07/2019,33,18404,France,true,Mraz and Sons
613,Darelle,Yandle,Ford,22/06/2021,37,15772,France,true,"Morar, Dach and Wisozk"
614,Latrena,Lared,Dodge,28/01/2019,34,24544,France,false,Koss and Sons
615,Pegeen,Zohrer,Nissan,17/05/2019,39,18971,France,true,Feil-Hickle
616,Dorella,Harmond,Mazda,29/03/2020,31,22064,France,false,Moore Group
617,Matelda,Lambshine,Subaru,08/01/2019,41,26159,France,false,"Langosh, Kuhlman and Padberg"
618,Matthus,Yggo,Jeep,12/09/2020,55,15462,Germany,false,Reichert Group
619,Diarmid,Wimes,Mitsubishi,18/09/2019,34,17465,France,false,"Crona, Windler and Fahey"
620,,Lepere,Toyota,15/10/2020,39,8075,France,false,Okuneva-Kilback
621,Leslie,De Carlo,Land Rover,11/12/2021,39,23530,France,true,Will Group
622,Isabelita,Beddingham,Nissan,22/12/2020,58,21292,France,true,Lakin and Sons
623,Celestia,Sowte,Spyker,29/03/2021,38,20390,France,true,Langworth-Wilderman
624,Ardelis,Thomke,Volkswagen,03/03/2020,32,26376,France,false,"Jacobs, Corkery and Mraz"
625,Leoine,Courtes,GMC,13/08/2018,44,21871,France,false,Gusikowski-Labadie
626,Farlie,Blunden,Kia,29/04/2021,48,23968,France,false,"Ledner, Padberg and Thiel"
627,Ansell,Craisford,Mitsubishi,21/05/2021,43,19061,Spain,true,"Kirlin, Shields and Carroll"
628,,Posnett,Saab,08/11/2020,33,33415,France,false,Ledner-Hilpert
629,Hagen,Rothwell,Dodge,10/02/2019,38,15276,France,true,Mohr Group
630,,Chalmers,Kia,03/10/2020,52,14222,Germany,false,Hermiston-Lemke
631,Ritchie,Pegg,Volkswagen,17/12/2021,45,17099,Germany,false,"Price, Roob and Hoppe"
632,Haleigh,Carruthers,Nissan,13/12/2020,44,15559,France,false,Goyette-Bergnaum
633,Manya,Lawless,Dodge,23/09/2019,40,18028,France,false,"West, Balistreri and Tillman"
634,Anneliese,Padgett,Buick,28/11/2021,38,35954,France,true,Braun Group
635,Roderick,Poe,Chevrolet,04/12/2021,26,24575,France,true,Pouros-Schulist
636,Raphael,Earney,Saab,20/04/2019,40,24814,France,true,"Volkman, Runte and Mohr"
637,Olimpia,Collens,GMC,12/02/2021,48,13399,France,true,"Lesch, Pfannerstill and Klein"
638,Giustino,Monday,GMC,02/04/2022,48,25273,France,true,Kemmer-Fay
639,Rand,Zeal,Ford,15/05/2020,36,29000,United Kingdom,true,Lemke-Heidenreich
640,Jacquelyn,Thirlwell,Buick,07/03/2021,43,23421,France,false,Morar-Mayert
641,Tobey,Vasovic,Ford,26/09/2021,37,14314,France,true,Carter LLC
642,Orelle,Slocom,Mercedes-Benz,24/02/2020,35,32198,France,true,Kutch and Sons
643,,Cussins,Volkswagen,25/09/2018,40,21446,France,true,Senger-Borer
644,Brita,Sandyford,Bentley,15/12/2018,34,24629,France,true,Ullrich LLC
645,Constancia,Ughini,Buick,19/01/2021,33,27981,Spain,true,Ortiz and Sons
646,Haley,Caddick,Cadillac,01/08/2019,35,27134,France,false,Heaney-Denesik
647,Crystie,Bostick,Toyota,27/05/2022,47,12620,France,true,Huels-Reichert
648,Tye,Matyukon,Scion,21/05/2022,45,17269,France,false,Kerluke-Littel
649,Darill,Phayre,Porsche,05/05/2021,43,15180,France,false,"Emmerich, Pfannerstill and Crist"
650,Alfie,Fitchett,Chevrolet,25/03/2022,39,17984,United Kingdom,false,"Fritsch, Rempel and Russel"
651,Graeme,Kusick,Volkswagen,29/06/2022,44,18943,France,true,Lindgren-Anderson
652,Yorke,Dampney,Audi,11/08/2021,36,19050,France,true,Padberg-Kuhlman
653,Hillard,Lucks,Cadillac,03/09/2018,37,17103,France,true,"Keebler, Bechtelar and Champlin"
654,Ronnie,Kytley,Oldsmobile,25/03/2020,46,13626,France,false,Frami LLC
655,Gabriela,Assur,Chrysler,16/02/2022,38,13451,Spain,true,"Deckow, Wehner and Hills"
656,Laurie,Anthon,BMW,20/04/2021,54,17400,France,true,Ullrich Group
657,Teressa,Creddon,Ford,12/03/2022,34,22173,France,false,"Sauer, Christiansen and Wiegand"
658,Netty,Tomkinson,Pontiac,21/05/2022,34,14668,France,false,Dietrich-West
659,Skyler,Bails,Toyota,14/12/2020,42,19329,France,true,"Gutkowski, Murphy and Ritchie"
660,Terencio,MacDonell,Lincoln,29/04/2021,35,6462,France,true,"Toy, Brakus and Thiel"
661,Guenna,Skule,Mazda,12/12/2019,37,13852,France,false,Cassin-Bogisich
662,Dion,Townsend,Toyota,20/01/2020,30,19500,Germany,false,"Jacobs, Walker and Reinger"
663,Abbott,Arton,GMC,20/08/2019,47,18197,France,false,Mitchell LLC
664,Trina,Pickles,Ford,06/07/2021,31,20017,France,true,Tromp-McClure
665,Abbey,Sambrook,Dodge,20/12/2021,42,8320,United Kingdom,true,Effertz LLC
666,Joelly,Gladebeck,Ford,12/01/2021,44,18567,France,true,"Schaden, Hartmann and Gutkowski"
667,Norrie,Baroche,Hummer,20/06/2020,46,13240,France,false,Schuster and Sons
668,Melvyn,Statefield,Volvo,26/10/2021,33,21603,Spain,true,"Turcotte, Hagenes and Wolf"
669,Pavel,Rodbourne,Volvo,06/12/2021,28,21902,France,true,Langworth LLC
670,Grange,Redwall,Pontiac,18/04/2019,34,16565,France,true,Larkin and Sons
671,Evelina,Killby,Mitsubishi,03/06/2022,53,21351,France,true,Rice-Schamberger
672,Poul,Wyman,BMW,17/07/2022,37,18594,France,true,Wolf-Beatty
673,Kip,Hasnip,Nissan,21/05/2022,34,15462,France,true,Kirlin LLC
674,Sheridan,Jasiak,Toyota,07/06/2021,33,17961,Spain,false,"Schuppe, Mosciski and Jaskolski"
675,Gerrie,Malt,Toyota,08/09/2019,47,14437,France,false,Sipes-Cronin
676,Gretna,Hendrik,Kia,13/04/2022,46,28176,France,false,"Frami, Kuhn and Renner"
677,Lori,Pettiford,Volkswagen,28/11/2018,45,26206,France,false,"Goyette, Botsford and Hills"
678,Olympia,Ramplee,GMC,20/06/2019,29,20447,France,true,Hilll-Streich
679,Angus,Findlow,Ford,31/12/2021,41,13328,France,false,Stamm-Jerde
680,Avigdor,Corness,Mazda,06/04/2019,48,11775,France,false,Friesen-Moore
681,Alina,Lofthouse,Isuzu,03/06/2020,41,17571,France,false,Gerlach-Paucek
682,Penrod,Culpan,Mazda,08/04/2020,48,21300,France,true,Windler Group
683,Renae,Jonas,Chevrolet,07/05/2020,36,14883,France,true,Bartoletti Group
684,Carmelita,Beardwell,Audi,11/11/2021,43,15439,France,true,Kunze-Langosh
685,Ransom,Crowest,Lotus,07/11/2021,41,27926,France,true,"Hackett, Johns and Kuphal"
686,Estella,Mellers,Ford,05/07/2022,39,19702,Germany,false,Roob Group
687,Charlena,Fer,Hyundai,08/12/2020,47,22841,France,true,Stiedemann Group
688,Nicolas,Broadstock,Acura,31/03/2021,47,14617,France,true,Kris-Connelly
689,Katherine,Lawfull,Volkswagen,16/12/2020,36,22216,France,false,"Macejkovic, Weimann and Buckridge"
690,Wiley,Lahiff,Dodge,26/09/2019,36,16446,France,false,Mitchell-Mann
691,Minetta,Hammell,Lamborghini,02/02/2019,37,17246,France,true,Stokes-Bednar
692,Jacques,Aspden,Lexus,14/09/2018,33,20163,France,true,Parisian and Sons
693,Carl,Surmeir,Maserati,30/09/2021,25,16657,France,false,"Pollich, Daniel and Corkery"
694,Derwin,Barajaz,Mitsubishi,28/03/2022,36,15120,France,false,Mayert-O'Keefe
695,Ingamar,Abbatt,Volkswagen,20/09/2020,38,25821,France,true,Becker-Christiansen
696,Gasper,Kill,Austin,24/03/2022,43,20221,Germany,false,"Kirlin, Aufderhar and Baumbach"
697,Yancey,Julian,Suzuki,26/05/2022,45,24721,France,true,Spencer-Lubowitz
698,Carmita,Dowsey,Lexus,07/05/2019,44,23221,France,false,Schoen-Orn
699,Darb,Mulholland,Dodge,16/07/2022,43,18614,Spain,false,"Collins, Nicolas and Welch"
700,Wernher,Croan,Isuzu,11/02/2022,36,12881,Spain,true,Greenfelder Inc
701,Witty,Treleaven,Mazda,28/08/2020,43,9321,France,false,Boyer-Schneider
702,Darya,Pettengell,Isuzu,18/05/2021,41,28092,France,false,"Heathcote, Tromp and Sporer"
703,Edith,Flemmich,GMC,14/06/2021,49,22412,Spain,false,"Dietrich, Trantow and Hyatt"
704,Chiquita,Huortic,Infiniti,11/07/2019,29,23782,Germany,true,Konopelski Inc
705,Melodee,Yarnley,Kia,27/01/2021,36,15860,France,true,"Mosciski, Donnelly and Ullrich"
706,Tyne,Collumbell,Chevrolet,27/09/2018,30,16033,Spain,false,Abbott-Gerlach
707,Eldredge,Sikorsky,Dodge,15/06/2019,44,22952,France,true,Boehm LLC
708,Dion,Stork,Chrysler,28/11/2018,34,20575,France,false,Price Group
709,Ricca,Gauge,Mitsubishi,21/09/2021,44,32774,France,false,Muller-Rohan
710,Jayme,Douglas,Honda,02/06/2019,30,20669,France,false,"Purdy, Schmidt and Hyatt"
711,Ekaterina,Bartrum,Cadillac,31/08/2018,47,21811,Spain,true,"Robel, Cronin and Hickle"
712,Elsinore,Emblow,Plymouth,15/07/2022,45,21463,Spain,false,Bogan-Macejkovic
713,Deeanne,Sedge,Lamborghini,01/08/2021,32,14272,France,true,Little LLC
714,Ingaborg,Le Sieur,Jaguar,03/04/2022,34,27091,France,false,"Hyatt, Terry and Trantow"
715,Pernell,Hopfer,Ford,31/07/2020,35,18664,France,true,"Kling, Herman and Keeling"
716,Celestina,Ogbourne,Geo,05/11/2021,40,25466,France,false,Bernier Inc
717,Annabella,Kristoffersson,Honda,30/05/2021,41,22022,Spain,true,Bernhard-Kuhic
718,Jaymie,Pagon,Buick,13/05/2021,41,23442,France,true,"Trantow, Keebler and Weimann"
719,Madlin,Stanney,Kia,31/03/2021,38,11364,France,false,Ward-Bradtke
720,Lillian,Tapper,GMC,07/09/2021,45,24043,France,false,Hoeger-Little
721,Zorah,McCutcheon,Ford,25/12/2019,41,18523,Spain,false,Ortiz Group
722,Janessa,Ceci,Isuzu,18/07/2021,45,18638,Spain,true,Hudson Inc
723,Jandy,Maudson,Volvo,23/08/2018,52,16706,France,false,Carroll-White
724,Chandler,Onslow,Saturn,25/03/2019,35,21143,France,false,Funk-Funk
725,Berke,Satcher,Geo,06/06/2022,32,13449,Spain,false,Herzog-Hartmann
726,Cybil,Meier,Mitsubishi,05/12/2020,39,24035,France,true,Fisher-Stokes
727,Chloris,Barrowcliff,Saab,24/04/2022,42,30683,France,true,"Romaguera, Flatley and Zemlak"
728,Man,Schlagh,Buick,28/05/2020,40,17582,France,false,Rowe Inc
729,Ruth,Cowden,Ford,02/03/2021,38,21578,Spain,false,Oberbrunner Group
730,Jakie,Tarbatt,Buick,23/07/2018,30,19216,France,true,Leffler-Graham
731,Claudette,Turbern,Toyota,22/09/2021,46,26453,France,false,Cummings-Heller
732,,Follin,Chevrolet,06/05/2019,50,19927,France,true,"Fahey, Hintz and Von"
733,,Slessar,Honda,08/07/2021,36,27127,France,true,D'Amore-Conn
734,Corny,Tosney,BMW,01/01/2020,43,17783,France,true,McGlynn-Dare
735,Erna,Cardon,Toyota,31/08/2020,47,17388,France,true,"Lesch, McCullough and Ryan"
736,,Fredi,Maserati,19/11/2020,41,30774,France,false,"Rodriguez, Davis and Yundt"
737,Alyson,Snell,Buick,20/11/2021,42,15479,France,false,Goldner LLC
738,Dallis,Frankes,Honda,04/01/2021,35,18590,France,true,Renner Group
739,,Waszczykowski,GMC,19/04/2019,42,18154,France,true,"Sawayn, Bogisich and Medhurst"
740,Alix,Artiss,Toyota,08/12/2020,48,24146,France,true,"Koelpin, Huel and Parisian"
741,Kyrstin,Axcell,Nissan,01/05/2019,42,25620,France,true,Rolfson-Streich
742,Ettie,Deesly,Mercury,23/05/2021,57,10743,France,false,Dietrich and Sons
743,Arlie,Hayball,Isuzu,28/10/2019,51,21608,France,false,Ziemann LLC
744,Neddie,Skelton,Ford,04/06/2021,43,19313,France,false,Bernier-Ankunding
745,Barry,Boyson,Volkswagen,14/01/2020,39,15893,Spain,true,Kuhic and Sons
746,,Cund,Ford,21/05/2022,39,14381,Spain,true,"Walsh, Ortiz and Friesen"
747,Jeffrey,Wrightim,Mercedes-Benz,30/07/2021,44,14136,France,true,Parker Group
748,Clarita,Jahndel,Honda,13/10/2021,42,26956,France,true,Wilkinson-O'Reilly
749,,Broadhurst,Chrysler,24/02/2019,44,23234,France,true,Ortiz-Legros
750,Elisa,Peeter,Kia,22/01/2022,41,15831,France,false,Feil Inc
751,Nicholle,Brumfield,Rolls-Royce,04/01/2021,42,12720,France,false,Parisian-Cole
752,,Ginn,Ford,26/01/2020,33,17894,France,true,Crooks and Sons
753,Angelle,Mooney,Audi,10/01/2021,33,18472,France,false,"MacGyver, Parisian and Cruickshank"
754,Jory,Pettifer,Chevrolet,06/02/2019,43,21761,France,false,Littel-Schiller
755,Cob,Hartly,Isuzu,28/11/2020,47,23424,France,false,"Spinka, Mueller and Welch"
756,,O'Flynn,Volkswagen,31/12/2019,47,22680,France,false,Pfannerstill Inc
757,Vic,Giblin,Land Rover,03/09/2021,35,24186,France,false,"Prohaska, Murray and Torphy"
758,Sonny,Cecil,Lexus,15/10/2018,51,18404,Spain,false,Homenick Inc
759,Yasmeen,Malbon,Audi,25/09/2018,47,20450,Germany,false,Bernhard-Reinger
760,Bernadene,McQuie,BMW,21/03/2020,44,19136,France,false,Kutch Group
761,Maje,Heaselgrave,Oldsmobile,09/03/2019,30,13382,France,false,"Stehr, Kemmer and Krajcik"
762,Courtney,McGrill,Mazda,11/12/2018,32,24834,France,true,Kemmer Inc
763,Ceil,Caesmans,Toyota,21/09/2018,38,25115,France,true,Stroman and Sons
764,Eldridge,Anthoin,Saab,23/09/2020,39,22755,France,true,Dickens Group
765,Mickie,Varrow,Eagle,20/01/2021,46,14609,France,false,"Okuneva, Carroll and Parisian"
766,,Reisenberg,BMW,03/11/2021,40,9210,France,true,"Rogahn, Turcotte and Leannon"
767,Yuma,Wyldbore,Ford,16/06/2020,41,21833,France,false,Wiegand Inc
768,Sammy,Watters,Saab,25/11/2018,50,24567,France,false,Ledner and Sons
769,Ashley,Pawfoot,Chevrolet,11/05/2019,36,16064,France,true,Runte-Altenwerth
770,Nicki,Uttridge,Mercedes-Benz,12/10/2021,30,16979,France,true,Hamill-Kertzmann
771,Caroljean,Steckings,Lincoln,14/04/2022,29,18510,France,false,Schinner Inc
772,Dirk,Bartoszinski,BMW,14/03/2022,37,21636,France,false,Gleason-Marvin
773,Gaultiero,Ilyushkin,Suzuki,07/04/2021,39,21832,France,true,"Hartmann, Hyatt and Barton"
774,,Donnellan,Volkswagen,03/07/2019,38,16050,France,true,"Barton, Stiedemann and Homenick"
775,Agnella,Bigland,Ford,16/05/2019,46,20071,France,false,"Cormier, Walker and Walsh"
776,Gasper,Fulun,GMC,01/02/2021,36,16366,France,false,Daugherty-Morissette
777,Gardie,McQuaide,Chrysler,19/03/2021,37,14019,France,true,"Ullrich, Bergstrom and Leannon"
778,,Zealey,Mazda,17/10/2021,40,19486,France,false,Reichel-Miller
779,Frasier,Labram,Chevrolet,10/07/2020,51,9023,France,false,Sawayn-Boyer
780,Goldina,Pautot,Chevrolet,28/05/2019,39,21536,France,true,Ferry-Simonis
781,Lenette,Worboys,Suzuki,16/08/2021,36,23829,France,true,"Dach, Boyer and Terry"
782,Aloisia,Linskill,Honda,17/04/2020,38,7660,France,false,"Block, Hansen and Lehner"
783,Georgi,O'Dogherty,Mercedes-Benz,21/02/2019,33,23607,Spain,true,Homenick Group
784,Frederik,Boik,Maserati,04/06/2022,35,19966,France,true,Pfannerstill-Murphy
785,Raphael,Nobes,Hyundai,14/09/2019,51,31006,France,true,"Hackett, Spencer and Bogan"
786,Sheilah,Geockle,Audi,13/04/2022,46,14813,France,false,"Dicki, Bernier and Beahan"
787,Kellyann,Inott,Mazda,01/12/2018,27,15257,France,false,Hilpert-Hammes
788,Pierson,Latek,Lexus,25/09/2019,31,21090,France,false,Legros and Sons
789,Abner,Pillington,Infiniti,16/02/2019,37,16703,France,false,"Harvey, Walsh and Gerlach"
790,Bobbye,McMaster,Audi,02/08/2020,39,21645,France,true,"Lubowitz, Watsica and Corkery"
791,Sunshine,Tibald,Pontiac,26/04/2019,45,21677,France,false,"Jaskolski, Lakin and Hahn"
792,Astrix,Battyll,Chevrolet,03/01/2021,30,19775,France,true,"Cruickshank, Dibbert and Gusikowski"
793,Stacy,Mordanti,Ford,23/06/2022,43,12186,France,true,Kshlerin LLC
794,Tuesday,Reuss,Honda,20/03/2021,40,27588,France,false,Orn LLC
795,Amaleta,Mapplebeck,Ford,28/09/2019,43,14405,France,false,Boyer-Wolff
796,Galina,Gages,Toyota,11/09/2018,41,16030,France,true,Rowe and Sons
797,Leshia,Grafom,Honda,02/07/2022,43,22159,France,true,Breitenberg Inc
798,Nolana,Gayler,Geo,21/12/2021,40,28985,France,true,Hahn Group
799,Clarissa,Buggs,Ford,05/04/2019,46,16838,France,false,"Bailey, Friesen and Rolfson"
800,Wallie,Grimm,Pontiac,10/07/2020,36,21529,France,false,"Spencer, Stanton and O'Reilly"
801,Vivyanne,Brennen,Plymouth,05/09/2019,40,23669,Germany,true,"Brown, Kunze and Koelpin"
802,,Hendrix,Volvo,28/01/2021,49,19694,France,false,Zulauf LLC
803,,Farreil,Saturn,30/03/2020,46,16576,Germany,false,"Romaguera, Grant and Windler"
804,Ardith,Limeburn,Pontiac,02/03/2020,41,32666,France,true,Halvorson Group
805,Rhea,Thaxton,Mitsubishi,27/09/2020,45,18535,France,true,Toy Group
806,Morna,Berick,Mitsubishi,19/01/2020,47,16126,France,false,Koch Group
807,Silvio,Stenett,Toyota,17/04/2020,43,18138,France,true,Blick-McClure
808,Thorndike,Zaczek,Chevrolet,09/11/2018,30,7920,France,false,Wintheiser-Labadie
809,Quentin,Peaple,Volkswagen,28/04/2019,38,15008,France,false,"Casper, Nicolas and Nicolas"
810,Harmonia,Celier,Dodge,25/01/2019,40,22677,France,false,"Dibbert, Gottlieb and Willms"
811,Kennett,Dominey,Honda,03/10/2021,42,22650,France,false,Konopelski and Sons
812,Jerrome,Herreros,GMC,08/09/2019,46,27590,France,true,Daniel LLC
813,Evangelina,Harty,Nissan,19/12/2021,41,18258,France,false,Lehner LLC
814,Catarina,Suffe,Subaru,20/08/2019,29,21004,France,false,Reynolds and Sons
815,Winona,Tiley,Chrysler,05/01/2021,55,24819,Germany,false,Carroll LLC
816,Maurizio,Uebel,Dodge,14/12/2021,39,22321,France,false,Pollich-Nitzsche
817,Arel,Risson,Mercury,12/04/2020,36,20117,France,false,Bartell-Swaniawski
818,Anthea,Wigin,Toyota,18/12/2018,26,17731,France,true,VonRueden Group
819,Mano,Eyam,Toyota,19/04/2022,41,17035,France,true,Terry-Osinski
820,Bat,Parnham,Audi,03/08/2018,38,11019,France,true,Spencer Group
821,Annadiana,Mottley,Volvo,13/04/2020,42,17789,France,false,"Armstrong, Kiehn and Harris"
822,Bobine,Hartnell,Audi,29/01/2021,32,11124,France,true,Littel Inc
823,Susann,Kobierzycki,Chrysler,28/10/2021,32,24137,France,false,"Kutch, Towne and Funk"
824,Barbette,Timothy,Toyota,06/12/2018,31,13460,France,false,Stroman Inc
825,Jan,Simenel,Ford,10/10/2021,33,20035,France,false,Bednar LLC
826,Travis,Lehmann,Mazda,25/03/2022,44,16898,France,false,Gleason-Lebsack
827,,Edmands,Ford,26/12/2019,50,18023,France,false,Cormier LLC
828,Blondie,Munkley,Isuzu,25/01/2022,32,20207,France,true,Jones and Sons
829,Royall,Borsi,Pontiac,23/07/2018,34,17985,France,false,Farrell-McKenzie
830,Lindon,Steffan,Ford,12/10/2018,35,19714,France,false,Abernathy-Funk
831,Blair,Kreuzer,Dodge,13/08/2021,44,14814,France,false,Howell-Bogan
832,Lindie,Kyles,Dodge,04/01/2019,42,28381,France,true,"Larson, Batz and Parker"
833,Belinda,Cocher,Chevrolet,12/06/2021,49,28175,France,true,Lowe Group
834,Tiebout,Simka,Lincoln,01/10/2018,44,22950,United Kingdom,false,Boyle and Sons
835,Annmarie,Ewell,Volkswagen,24/07/2020,40,15133,France,true,Streich-Gorczany
836,Goldy,Fleetham,Volvo,16/08/2020,40,8149,France,true,"Johns, Ruecker and Haley"
837,Mal,Ogilvie,Hyundai,28/11/2021,42,21383,Germany,false,McKenzie Group
838,Lucinda,Gimbrett,Volkswagen,23/06/2020,36,17428,France,true,Walter LLC
839,Cliff,Leaf,Chevrolet,10/06/2022,36,12118,France,false,Berge and Sons
840,Gawen,Ubach,GMC,30/11/2020,42,16893,France,true,"Bode, Casper and Smith"
841,Marcy,Streetfield,Lexus,05/09/2020,43,16165,France,false,Purdy and Sons
842,Lizette,Nesey,Land Rover,23/03/2021,41,21843,France,true,Bauch and Sons
843,Marin,Ruggieri,Chevrolet,10/02/2021,46,25484,France,true,Stamm-Rowe
844,Noellyn,Tiley,Mercedes-Benz,06/01/2019,52,19279,France,true,Osinski-Reichel
845,Norine,Kerrod,Nissan,28/05/2020,36,26267,France,true,Haag-Oberbrunner
846,Vinni,Edgley,Ford,28/05/2019,47,20017,France,false,"Schuster, Gutmann and Ziemann"
847,Anabal,Gilvary,Honda,02/10/2021,39,15818,France,true,"Donnelly, Mueller and Stokes"
848,Pen,Legon,Ford,17/11/2021,44,19752,France,false,Dach LLC
849,Jeanette,Nannetti,Audi,01/04/2022,40,21715,Germany,false,"Klein, Medhurst and Swift"
850,Osgood,Hilland,Volkswagen,23/12/2021,30,18444,France,false,Wiza Inc
851,Rodrigo,Pie,Mercedes-Benz,18/12/2018,47,17225,France,true,Gutkowski-Shanahan
852,Allen,Fillary,Pontiac,16/11/2020,45,19483,United Kingdom,false,"Sipes, Bahringer and Carroll"
853,Kath,Corbin,Dodge,17/11/2020,40,20240,Germany,false,"Toy, Harvey and Wiegand"
854,Cary,Bener,GMC,10/06/2020,47,22904,France,true,"Wiegand, Dooley and Cummings"
855,Eula,Braikenridge,Dodge,06/08/2020,40,25062,Spain,true,Schiller-Trantow
856,Rivi,Tithacott,Ford,13/01/2019,42,23602,France,true,Crooks-Bashirian
857,Trenna,Rivallant,Cadillac,22/07/2022,59,17761,France,false,Krajcik Group
858,Tamara,Hammant,Hyundai,29/01/2019,39,19101,Germany,true,Lehner and Sons
859,Clyde,Hadlee,Pontiac,17/01/2022,53,15495,Germany,false,Hansen-Hills
860,Aron,Scafe,Jensen,22/02/2019,45,20693,France,true,Goldner and Sons
861,Odilia,McChruiter,Isuzu,17/03/2021,44,17388,France,true,"Kling, Farrell and Gibson"
862,Thornie,Heijne,Ford,29/08/2018,34,20543,France,true,Waters-Veum
863,Chrysler,Schukert,Ford,10/03/2022,47,19230,France,true,Orn and Sons
864,Shep,Gofton,GMC,13/06/2019,44,18537,France,true,Jones-Hermann
865,,Grayer,Chevrolet,30/06/2019,35,6869,France,false,"Lubowitz, Dietrich and Funk"
866,Peggy,Pavitt,Ford,15/06/2022,28,21487,France,true,Hoppe-Ankunding
867,Nikolaos,Briston,Dodge,07/05/2022,40,21277,France,false,"Hettinger, Kerluke and Gutkowski"
868,Kristan,Presley,Daewoo,27/06/2020,41,16838,France,false,Schuster-Schneider
869,Artemis,Palfery,Porsche,05/08/2019,46,21052,France,true,"Mraz, Schultz and Romaguera"
870,Raul,Hacking,Nissan,10/11/2021,47,14710,Germany,false,Ernser LLC
871,Linet,Baythorp,Dodge,22/04/2019,20,23286,France,true,"Bechtelar, Dare and Cole"
872,Grant,Sutherby,Eagle,18/10/2020,38,15310,Germany,true,Abernathy-Herzog
873,,Thaw,Subaru,09/11/2021,29,22696,France,true,Murazik Inc
874,Janean,Jellybrand,GMC,01/04/2021,40,24102,France,true,D'Amore-Morissette
875,Melli,Vonasek,Bentley,30/01/2022,34,23661,France,true,"Murphy, Wiegand and Kertzmann"
876,Hall,Farnan,Mercedes-Benz,30/09/2018,37,11246,France,true,Abshire-Gerlach
877,Langsdon,Tolley,Chevrolet,12/03/2020,41,18363,Spain,false,Marquardt and Sons
878,Hagen,Gantlett,Chevrolet,07/09/2018,36,14730,France,false,Grady-Rempel
879,Bartram,Berriman,Toyota,01/05/2020,48,22613,France,true,"Senger, Reynolds and Hahn"
880,Robers,Bixley,Dodge,14/10/2021,44,23257,France,true,Haag LLC
881,Andee,MacAvaddy,Toyota,21/02/2020,40,16255,Germany,false,Shields-Johnson
882,,Pfaffe,Chevrolet,16/07/2022,43,20578,France,false,"Bernhard, Daniel and Bauch"
883,Fianna,Sworne,Mercury,25/01/2021,30,9620,France,true,Hilpert-Bode
884,Micky,Paddon,GMC,05/03/2021,28,27413,France,false,Morar Inc
885,Benoite,Note,BMW,29/08/2021,41,24523,France,true,Gerlach Inc
886,Dan,Oliver-Paull,Kia,17/02/2020,40,5974,France,true,"Rippin, Bartoletti and Daniel"
887,Whitney,Turmell,Chevrolet,05/08/2021,32,20171,Germany,true,Reichel Inc
888,Jolynn,Tincombe,GMC,19/07/2021,41,25846,France,true,Bergstrom-Huel
889,,Neno,Hyundai,15/12/2020,42,24621,France,false,"Leffler, Kunde and Schamberger"
890,Michel,Claworth,Honda,04/10/2021,26,23531,France,false,"Lubowitz, Prosacco and Murphy"
891,Beltran,Durrell,Chevrolet,29/03/2020,45,24739,France,true,"Koss, Hauck and Nicolas"
892,Bernadina,Woolrich,Acura,13/02/2021,34,15764,France,false,Graham and Sons
893,Arlana,Siddeley,Mazda,20/06/2019,45,27165,Spain,false,"Schuster, Lockman and Turcotte"
894,Joyous,Sprigings,Lexus,01/01/2022,33,17148,France,false,Davis and Sons
895,Germana,Fibbitts,GMC,24/07/2018,31,29295,France,true,Green Group
896,Llywellyn,Laweles,Oldsmobile,15/04/2022,39,20765,France,true,Rippin Group
897,Suzi,Tedstone,BMW,30/04/2020,40,18153,France,true,Bashirian Group
898,Lauretta,Dregan,Infiniti,06/12/2020,47,19287,France,true,"Stoltenberg, Brown and Nolan"
899,Theodoric,Geach,Suzuki,26/07/2020,37,25850,France,false,Abshire-D'Amore
900,Casper,Stirley,Jaguar,11/01/2019,35,17710,France,false,Bayer-Morissette
901,Kate,Blackboro,Hyundai,31/12/2021,41,9253,France,true,Rau-Buckridge
902,Wyndham,McMonnies,Volkswagen,07/01/2020,41,24299,France,true,Mills-Moen
903,Marjie,Kendal,Pontiac,23/04/2019,32,23543,France,false,"Yundt, Hartmann and Cremin"
904,Wilfred,Rignoldes,Subaru,26/03/2019,38,17469,France,true,Schmeler-Keebler
905,Darice,Lindroos,Mazda,16/06/2019,39,20367,France,false,"Gibson, Carter and Schaefer"
906,Oby,Mackett,Dodge,13/03/2020,43,23033,France,false,Keebler-Runolfsson
907,,Emma,Kia,24/06/2022,35,21126,France,false,Wilkinson-Hamill
908,Josselyn,Grindall,Mazda,23/01/2021,48,11225,France,true,Kihn-Cassin
909,Shadow,Nolda,Hillman,24/02/2019,47,11946,France,true,"Hilll, Lowe and Baumbach"
910,Donielle,Tejero,Mitsubishi,25/01/2020,51,13050,France,false,"Zulauf, Lockman and Steuber"
911,Collette,Joules,Pontiac,07/03/2020,36,14277,France,true,Bruen Group
912,Tamera,Bambrugh,Ford,30/08/2021,42,19131,Germany,false,Anderson Inc
913,Revkah,Dirr,Porsche,21/06/2020,34,27993,France,false,Zemlak LLC
914,Laure,Malser,Nissan,23/02/2022,40,28129,France,false,"Schinner, Marvin and Carroll"
915,Maddy,Carver,GMC,28/09/2019,41,20217,United Kingdom,true,"Bednar, Bartell and Powlowski"
916,Dominick,Acres,Ford,03/03/2022,35,17429,France,false,Cummings-Bauch
917,Koressa,Mordin,Ford,12/03/2020,50,15727,France,false,"Pagac, King and Schuster"
918,Lenard,Oldaker,Dodge,28/09/2020,42,15779,United Kingdom,false,O'Keefe and Sons
919,Chrissy,Winfindine,Mercedes-Benz,11/12/2020,44,15445,Germany,true,Abshire Group
920,Galven,Merner,Ford,21/08/2020,39,20936,Spain,true,Paucek Group
921,,Shitliffe,Volvo,16/10/2020,36,17183,Spain,false,"Howe, Macejkovic and Mayer"
922,Herb,Sylvaine,BMW,13/07/2020,37,25394,France,true,"Dooley, Little and Orn"
923,Ethelda,Willets,Volkswagen,31/12/2018,35,23610,France,true,"Kovacek, Kassulke and Welch"
924,Kordula,Branch,Pontiac,22/06/2019,35,17047,United Kingdom,false,"Ryan, Pfeffer and Hermiston"
925,Madlin,Dallman,Kia,18/03/2020,41,21860,France,false,Bogisich LLC
926,Raimundo,L'Episcopio,Saab,02/07/2020,39,13208,France,false,Effertz-Bergnaum
927,,Raysdale,Volkswagen,02/03/2019,35,8113,France,false,Swift-Weissnat
928,Timi,Lynskey,Pontiac,04/03/2022,44,18459,France,true,Brakus-Konopelski
929,Farrah,Riddel,Bentley,01/03/2022,39,13154,France,true,Kilback-Quigley
930,Nanette,Abramovitch,Ford,27/09/2019,39,25181,France,true,Kulas LLC
931,Barbee,Coton,Honda,04/04/2020,41,24207,France,false,"Miller, Walker and Nicolas"
932,Richart,Belchamp,Chrysler,03/05/2019,32,20957,Germany,false,Witting Group
933,Donica,Birkett,GMC,28/02/2020,34,15202,Spain,false,Altenwerth LLC
934,Rori,Aucoate,Infiniti,31/08/2018,34,14993,France,false,"Raynor, Kohler and Gibson"
935,Halie,Doddrell,Toyota,05/08/2019,42,23110,France,false,Kessler and Sons
936,Quintina,Cramp,Chrysler,21/02/2021,43,29748,Spain,true,Ortiz-Kuhn
937,Cyril,Triplett,Buick,28/06/2020,39,23793,United Kingdom,true,Botsford-O'Connell
938,Charmine,Staves,Saab,22/11/2018,39,15392,France,false,Raynor and Sons
939,,Tressler,Chevrolet,04/01/2021,42,21535,France,true,"Feeney, Klocko and Ratke"
940,Idette,Keenor,Chevrolet,15/08/2020,30,20941,France,false,Cummerata-Ebert
941,Daphne,Wylie,Chevrolet,17/11/2018,38,12205,France,false,"Funk, Reinger and Reynolds"
942,Ronny,Kloska,GMC,14/06/2022,45,15966,France,true,Prosacco-Hudson
943,Elmira,Ealles,Hyundai,04/09/2018,48,21415,France,true,"Stroman, Abbott and Hilpert"
944,Markus,Meads,Suzuki,25/10/2020,38,22873,France,false,Turcotte and Sons
945,Shelly,Nickolls,Volkswagen,17/05/2022,36,26995,France,true,Jaskolski-Price
946,Gertie,Peggram,Nissan,06/09/2020,35,9307,Spain,true,DuBuque Group
947,Fifi,Malpass,Mitsubishi,04/03/2020,41,20449,France,true,Kiehn LLC
948,Percival,Mould,Cadillac,02/06/2022,49,20525,France,true,"Pacocha, Bernhard and Runolfsdottir"
949,Brit,Fishleigh,Mercedes-Benz,19/04/2022,41,18241,France,true,Hudson-Hane
950,Lonee,Van Waadenburg,Dodge,02/02/2021,38,23181,France,true,"Corwin, Schaefer and Reilly"
951,Edee,Sprott,GMC,04/10/2020,42,9800,France,false,Lemke-Hudson
952,Mart,Insoll,Pontiac,07/09/2021,39,23287,France,false,Maggio-Jacobs
953,Wilt,Kirrens,Nissan,12/06/2022,36,21158,France,true,O'Connell-Kiehn
954,Shaun,Challener,Toyota,21/08/2019,27,21952,France,true,Green-Effertz
955,Umberto,Gillyett,Dodge,25/03/2019,45,11831,France,false,Morissette LLC
956,Peggy,Piet,Chevrolet,04/05/2022,35,7880,France,true,"Bayer, Kemmer and Wisoky"
957,Caddric,Taffrey,Maserati,16/02/2019,44,15320,France,true,Hagenes Inc
958,Ryley,Hurndall,Lotus,09/03/2019,40,19793,France,true,"Graham, Jacobson and Sipes"
959,Jordan,Mallows,Nissan,24/08/2020,34,20948,France,false,Mante-Lynch
960,Petronia,Colles,Pontiac,23/05/2019,45,24826,France,true,Koelpin Group
961,Raine,Hanks,Ford,29/09/2021,42,11651,France,false,Strosin Inc
962,Andree,Alanbrooke,Ford,12/11/2019,42,13553,France,true,"Zieme, Ferry and Beahan"
963,Mignonne,Scrafton,Ford,07/10/2019,35,27342,Germany,true,Hartmann and Sons
964,Abby,Marcussen,GMC,28/01/2019,38,24721,France,false,"Ledner, Nader and Breitenberg"
965,Micky,Tomley,Chevrolet,23/05/2022,42,23211,France,false,Langworth Group
966,Valaria,Tzarkov,Audi,17/03/2020,30,21610,France,true,"Huel, Carroll and Wintheiser"
967,Shannan,Fley,BMW,18/11/2018,36,16827,France,false,Rowe Group
968,Norma,Townson,Lamborghini,02/07/2019,39,17229,France,true,"Leffler, Renner and Ryan"
969,Debee,Inseal,Toyota,22/06/2019,39,13143,France,false,"Abshire, Parisian and Nienow"
970,Iona,Player,Chrysler,23/04/2019,39,16668,France,true,"Koepp, Reichel and VonRueden"
971,Ripley,Loddy,Volvo,28/01/2020,30,16287,France,true,Emard LLC
972,,Rolling,Lexus,13/07/2020,53,25332,France,true,"Wiegand, Bins and Legros"
973,Melinde,Tipling,Ford,15/11/2020,31,23705,France,false,"Zieme, Fisher and Abernathy"
974,Ransell,Ballendine,Kia,26/03/2019,37,22737,France,true,Kihn-Leffler
975,Vaughan,Petworth,Honda,14/02/2020,43,11848,United Kingdom,false,Johns LLC
976,Rosalinda,Fetterplace,Nissan,30/05/2022,28,17072,France,false,"Marvin, Schumm and Streich"
977,Benedikta,Berceros,Acura,02/01/2019,37,23885,France,true,Jenkins-Bins
978,Bernadette,Lintott,Lamborghini,19/05/2022,41,19460,France,false,"Effertz, Wiegand and Kreiger"
979,Georgi,Carefull,Nissan,05/02/2020,41,19881,France,false,"Hermiston, Bergstrom and Corwin"
980,Erik,Guillotin,Eagle,04/05/2022,43,25608,France,false,Champlin Group
981,Pammi,Antowski,Studebaker,04/03/2022,43,19019,Spain,true,Windler Group
982,Celina,Cassie,Land Rover,14/03/2022,39,17253,Germany,true,Haag-Littel
983,Larry,Laurie,Suzuki,11/04/2021,45,16215,France,false,Hermann-Crooks
984,Ursula,Copcote,Toyota,05/08/2018,42,28597,France,false,"Kerluke, Larson and Zulauf"
985,,Fellenor,BMW,11/12/2019,35,19111,France,true,"Gulgowski, Volkman and Keeling"
986,Nessy,MacIllrick,Chevrolet,01/05/2021,42,19052,United Kingdom,true,Farrell-Flatley
987,Davidson,McCaffery,Dodge,08/02/2020,48,18909,Germany,false,McKenzie-Mertz
988,Dari,Lenton,Suzuki,29/09/2021,49,17462,Spain,true,"Bruen, Kuhlman and Herman"
989,Moina,While,GMC,22/02/2021,38,15758,France,true,"Olson, Wuckert and Zboncak"
990,Mallissa,Lugsdin,Jeep,02/08/2020,42,21870,France,true,"Beatty, Volkman and Champlin"
991,Jonell,Davydkov,Volkswagen,30/11/2021,47,16807,Germany,false,Johns and Sons
992,Laurella,Deverille,Toyota,12/07/2022,50,15906,France,true,Gislason LLC
993,Barclay,Haborn,Subaru,01/09/2020,43,20471,France,false,Barton Group
994,Annamarie,Gadault,Lamborghini,12/03/2019,50,28108,France,false,"Purdy, Fahey and Mayer"
995,Rodolfo,Tregaskis,Volkswagen,07/07/2019,31,24174,France,true,Thiel LLC
996,Roxane,McConnal,Ford,16/06/2019,35,15290,Germany,true,Frami and Sons
997,Andromache,Probets,Cadillac,02/08/2021,40,23327,France,false,Greenfelder Inc
998,Mara,Catley,Oldsmobile,08/10/2020,34,16157,France,false,Nader-Hessel
999,Rufe,Ambresin,Suzuki,28/12/2018,47,21461,France,false,Cormier-Ratke
1000,Adelheid,Gregorio,Volkswagen,22/09/2020,40,19883,France,true,"Zboncak, Simonis and Bartoletti"
